Weight,Date,Steps,Calories,CaloriesOut,CaloriesBMR,CaloriesActivity
177.5,2013-01-01,0.0,,1723.0,1723.0,0.0
176.5,2013-01-02,0.0,,1723.0,1723.0,0.0
177.0,2013-01-03,0.0,,1723.0,1723.0,0.0
177.0,2013-01-04,0.0,,1723.0,1723.0,0.0
176.5,2013-01-05,0.0,,1723.0,1723.0,0.0
178.0,2013-01-06,0.0,,1723.0,1723.0,0.0
175.5,2013-01-07,0.0,,1723.0,1723.0,0.0
175.5,2013-01-08,0.0,,1723.0,1723.0,0.0
176.5,2013-01-09,0.0,,1723.0,1723.0,0.0
176.0,2013-01-10,0.0,,1723.0,1723.0,0.0
177.5,2013-01-11,0.0,,1723.0,1723.0,0.0
178.0,2013-01-12,0.0,,1723.0,1723.0,0.0
176.5,2013-01-13,0.0,,1723.0,1723.0,0.0
178.5,2013-01-14,299.0,,1814.0,1723.0,150.0
177.5,2013-01-15,6608.0,,2526.0,1718.0,1092.0
176.0,2013-01-16,2896.0,,2116.0,1712.0,617.0
176.5,2013-01-17,3303.0,,2134.0,1714.0,625.0
175.5,2013-01-18,2395.0,,2053.0,1709.0,517.0
176.0,2013-01-19,12412.0,,2641.0,1712.0,1226.0
177.0,2013-01-20,6257.0,,2526.0,1716.0,1084.0
177.5,2013-01-21,3722.0,,2201.0,1718.0,723.0
177.5,2013-01-22,3106.0,,2136.0,1718.0,622.0
176.5,2013-01-23,8036.0,,2439.0,1714.0,1007.0
174.5,2013-01-24,5522.0,,2486.0,1705.0,1046.0
174.5,2013-01-25,2383.0,,2029.0,1705.0,499.0
177.5,2013-01-26,5088.0,,2302.0,1718.0,884.0
,2013-01-27,2068.0,,2076.0,1721.0,567.0
177.0,2013-01-28,4698.0,,2356.0,1716.0,855.0
175.5,2013-01-29,2059.0,,1996.0,1709.0,436.0
176.0,2013-01-30,10698.0,,2676.0,1712.0,1228.0
175.5,2013-01-31,19147.0,,3129.0,1713.0,1891.0
176.5,2013-02-01,8206.0,,2530.0,1713.0,1166.0
,2013-02-02,10314.0,,2470.0,1713.0,1009.0
,2013-02-03,4418.0,,2263.0,1713.0,833.0
176.5,2013-02-04,7292.0,,2684.0,1714.0,1290.0
175.0,2013-02-05,3156.0,,2174.0,1714.0,699.0
175.0,2013-02-06,5023.0,,2276.0,1714.0,847.0
176.0,2013-02-07,2506.0,,2060.0,1714.0,532.0
177.0,2013-02-08,3049.0,,2142.0,1714.0,665.0
177.5,2013-02-09,6960.0,,2702.0,1714.0,1542.0
176.5,2013-02-10,4056.0,,2208.0,1714.0,764.0
176.0,2013-02-11,4494.0,,2318.0,1714.0,908.0
176.5,2013-02-12,2592.0,,2067.0,1714.0,533.0
175.5,2013-02-13,4613.0,,2272.0,1714.0,840.0
177.0,2013-02-14,8171.0,,2639.0,1714.0,1367.0
176.0,2013-02-15,10220.0,,2812.0,1714.0,1654.0
,2013-02-16,13572.0,,3123.0,1714.0,2101.0
,2013-02-17,19494.0,,3379.0,1714.0,2420.0
175.5,2013-02-18,5658.0,,2261.0,1714.0,797.0
,2013-02-19,11653.0,,2639.0,1714.0,1283.0
176.5,2013-02-20,9210.0,,2460.0,1714.0,1016.0
177.5,2013-02-21,9830.0,,2605.0,1714.0,1305.0
175.5,2013-02-22,8004.0,,2503.0,1714.0,1125.0
175.0,2013-02-23,13976.0,,3155.0,1714.0,1957.0
175.5,2013-02-24,5577.0,,2387.0,1714.0,1038.0
177.5,2013-02-25,7317.0,,2446.0,1714.0,1030.0
177.5,2013-02-26,13604.0,,2853.0,1714.0,1471.0
175.5,2013-02-27,6638.0,,2321.0,1714.0,855.0
177.0,2013-02-28,10521.0,,2593.0,1714.0,1155.0
175.5,2013-03-01,5267.0,,2238.0,1714.0,755.0
176.0,2013-03-02,8132.0,,2657.0,1714.0,1421.0
,2013-03-03,11309.0,,2860.0,1714.0,1692.0
176.0,2013-03-04,9160.0,,2501.0,1714.0,1068.0
176.0,2013-03-05,7690.0,,2464.0,1714.0,1076.0
177.5,2013-03-06,7050.0,,2414.0,1714.0,1012.0
,2013-03-07,12157.0,,2813.0,1714.0,1520.0
,2013-03-08,14972.0,,2690.0,1714.0,1291.0
,2013-03-09,11135.0,,2534.0,1714.0,1093.0
,2013-03-10,10302.0,,2543.0,1714.0,1115.0
,2013-03-11,12879.0,,2669.0,1714.0,1241.0
,2013-03-12,11388.0,,2611.0,1714.0,1166.0
,2013-03-13,6079.0,,2506.0,1714.0,1187.0
,2013-03-14,10451.0,,2759.0,1714.0,1333.0
177.0,2013-03-15,7064.0,,2374.0,1714.0,941.0
176.5,2013-03-16,6769.0,,2443.0,1714.0,1072.0
178.5,2013-03-17,7258.0,,2530.0,1714.0,1226.0
177.5,2013-03-18,7499.0,,2365.0,1714.0,896.0
177.5,2013-03-19,5942.0,,2199.0,1714.0,681.0
177.0,2013-03-20,7318.0,,2338.0,1714.0,860.0
179.0,2013-03-21,6553.0,,2265.0,1714.0,764.0
178.5,2013-03-22,5860.0,,2330.0,1714.0,886.0
178.5,2013-03-23,9118.0,,2550.0,1714.0,1198.0
179.0,2013-03-24,2491.0,,2082.0,1714.0,583.0
178.0,2013-03-25,11086.0,,2651.0,1714.0,1308.0
179.5,2013-03-26,6171.0,,2288.0,1714.0,834.0
178.0,2013-03-27,6894.0,,2330.0,1714.0,882.0
178.0,2013-03-28,6680.0,,2302.0,1714.0,828.0
176.0,2013-03-29,6774.0,,2481.0,1714.0,1138.0
175.5,2013-03-30,11332.0,,2803.0,1714.0,1582.0
,2013-03-31,12817.0,,2915.0,1714.0,1623.0
178.0,2013-04-01,6400.0,,2238.0,1714.0,726.0
,2013-04-02,11800.0,,2732.0,1714.0,1303.0
177.0,2013-04-03,7189.0,,2288.0,1714.0,789.0
178.5,2013-04-04,12685.0,,2700.0,1714.0,1287.0
177.0,2013-04-05,8628.0,,2438.0,1714.0,999.0
179.0,2013-04-06,16332.0,,3032.0,1714.0,1735.0
180.5,2013-04-07,10123.0,,2558.0,1714.0,1185.0
180.0,2013-04-08,9805.0,,2533.0,1714.0,1047.0
177.5,2013-04-09,7966.0,,2423.0,1714.0,999.0
,2013-04-10,6636.0,,2293.0,1714.0,812.0
178.5,2013-04-11,6015.0,,2292.0,1714.0,821.0
179.5,2013-04-12,12182.0,,2694.0,1714.0,1301.0
178.5,2013-04-13,10574.0,,2624.0,1714.0,1192.0
180.0,2013-04-14,6789.0,,2521.0,1714.0,1217.0
178.5,2013-04-15,3649.0,,2114.0,1714.0,586.0
175.5,2013-04-16,5869.0,,2246.0,1714.0,753.0
174.0,2013-04-17,7215.0,,2355.0,1714.0,901.0
173.0,2013-04-18,6749.0,,2311.0,1714.0,852.0
173.5,2013-04-19,8645.0,,2418.0,1714.0,945.0
173.5,2013-04-20,12588.0,,2831.0,1714.0,1505.0
174.0,2013-04-21,9372.0,,2576.0,1714.0,1177.0
174.5,2013-04-22,5674.0,,2217.0,1714.0,721.0
175.0,2013-04-23,6507.0,,2265.0,1714.0,767.0
174.0,2013-04-24,10365.0,,2543.0,1714.0,1167.0
174.5,2013-04-25,6882.0,,2243.0,1714.0,721.0
175.0,2013-04-26,155.0,,1735.0,1714.0,34.0
174.5,2013-04-27,7902.0,,2473.0,1714.0,1088.0
176.5,2013-04-28,6285.0,,2342.0,1714.0,907.0
176.0,2013-04-29,379.0,,1747.0,1714.0,47.0
174.5,2013-04-30,0.0,,1714.0,1714.0,0.0
175.0,2013-05-01,0.0,,1714.0,1714.0,0.0
176.0,2013-05-02,0.0,,1714.0,1714.0,0.0
175.5,2013-05-03,0.0,,1714.0,1714.0,0.0
174.0,2013-05-04,0.0,,1714.0,1714.0,0.0
176.5,2013-05-05,0.0,,1714.0,1714.0,0.0
176.0,2013-05-06,0.0,,1714.0,1714.0,0.0
175.0,2013-05-07,0.0,,1714.0,1714.0,0.0
175.0,2013-05-08,0.0,,1714.0,1714.0,0.0
175.5,2013-05-09,0.0,,1714.0,1714.0,0.0
175.5,2013-05-10,0.0,,1714.0,1714.0,0.0
176.5,2013-05-11,0.0,,1714.0,1714.0,0.0
176.5,2013-05-12,0.0,,1714.0,1714.0,0.0
178.5,2013-05-13,0.0,,1714.0,1714.0,0.0
177.5,2013-05-14,0.0,,1714.0,1714.0,0.0
175.5,2013-05-15,0.0,,1714.0,1714.0,0.0
175.5,2013-05-16,0.0,,1714.0,1714.0,0.0
176.5,2013-05-17,67.0,,1780.0,1714.0,106.0
176.5,2013-05-18,10687.0,,2616.0,1714.0,1203.0
177.0,2013-05-19,9277.0,,2525.0,1714.0,1119.0
179.0,2013-05-20,6837.0,,2265.0,1714.0,790.0
,2013-05-21,5875.0,,2187.0,1714.0,655.0
177.0,2013-05-22,6405.0,,2215.0,1714.0,696.0
176.0,2013-05-23,11758.0,,2614.0,1714.0,1166.0
180.0,2013-05-24,9445.0,,2416.0,1714.0,961.0
178.5,2013-05-25,11970.0,,2670.0,1714.0,1278.0
180.5,2013-05-26,4771.0,,2204.0,1714.0,730.0
179.5,2013-05-27,5385.0,,2272.0,1714.0,829.0
179.5,2013-05-28,6587.0,,2291.0,1714.0,806.0
176.0,2013-05-29,13726.0,,2750.0,1714.0,1338.0
178.5,2013-05-30,5826.0,,2243.0,1714.0,747.0
178.5,2013-05-31,11282.0,,2636.0,1714.0,1200.0
180.5,2013-06-01,4988.0,,2181.0,1714.0,687.0
178.5,2013-06-02,6984.0,,2371.0,1714.0,956.0
177.5,2013-06-03,8927.0,,2414.0,1714.0,948.0
177.0,2013-06-04,17767.0,,3141.0,1714.0,1868.0
179.5,2013-06-05,7698.0,,2251.0,1714.0,718.0
180.5,2013-06-06,9154.0,,2458.0,1714.0,1022.0
179.0,2013-06-07,13461.0,,2789.0,1714.0,1382.0
178.5,2013-06-08,6508.0,,2313.0,1714.0,861.0
178.5,2013-06-09,9302.0,,2499.0,1714.0,1032.0
180.5,2013-06-10,6025.0,,2233.0,1714.0,731.0
179.5,2013-06-11,7724.0,,2316.0,1714.0,832.0
178.5,2013-06-12,6217.0,,2198.0,1714.0,650.0
178.5,2013-06-13,6900.0,,2260.0,1714.0,759.0
179.0,2013-06-14,10937.0,,2495.0,1714.0,1048.0
181.0,2013-06-15,9309.0,,2565.0,1714.0,1220.0
179.5,2013-06-16,8837.0,,2485.0,1714.0,1109.0
183.5,2013-06-17,8540.0,,2471.0,1714.0,1074.0
182.0,2013-06-18,10164.0,,2523.0,1714.0,1093.0
181.0,2013-06-19,9470.0,,2487.0,1714.0,1066.0
178.5,2013-06-20,12099.0,,2664.0,1714.0,1248.0
,2013-06-21,8413.0,,2343.0,1709.0,852.0
182.5,2013-06-22,6752.0,,2328.0,1709.0,894.0
,2013-06-23,10349.0,,2571.0,1709.0,1218.0
182.5,2013-06-24,9950.0,,2423.0,1709.0,970.0
181.5,2013-06-25,9321.0,,2387.0,1709.0,916.0
181.0,2013-06-26,7063.0,,2270.0,1709.0,785.0
182.5,2013-06-27,14677.0,,2828.0,1709.0,1454.0
181.0,2013-06-28,8089.0,,2327.0,1709.0,850.0
181.5,2013-06-29,11802.0,,2704.0,1709.0,1332.0
181.5,2013-06-30,6992.0,,2314.0,1709.0,810.0
181.0,2013-07-01,8331.0,,2336.0,1709.0,867.0
182.0,2013-07-02,6195.0,,2228.0,1709.0,732.0
181.5,2013-07-03,7359.0,,2310.0,1709.0,846.0
180.5,2013-07-04,8738.0,,2548.0,1709.0,1145.0
182.5,2013-07-05,7438.0,,2322.0,1709.0,876.0
,2013-07-06,11599.0,,2619.0,1709.0,1277.0
183.5,2013-07-07,6356.0,,2358.0,1709.0,976.0
182.0,2013-07-08,12092.0,,2684.0,1709.0,1268.0
,2013-07-09,11910.0,,2588.0,1709.0,1143.0
181.5,2013-07-10,11255.0,,2624.0,1709.0,1204.0
181.5,2013-07-11,8522.0,,2352.0,1709.0,889.0
182.0,2013-07-12,5372.0,,2142.0,1709.0,604.0
179.5,2013-07-13,6399.0,,2390.0,1709.0,1003.0
,2013-07-14,9392.0,,2483.0,1709.0,1114.0
182.0,2013-07-15,13003.0,,2692.0,1709.0,1273.0
181.0,2013-07-16,6792.0,,2218.0,1709.0,703.0
181.0,2013-07-17,5826.0,,2191.0,1709.0,689.0
181.0,2013-07-18,7593.0,,2270.0,1709.0,785.0
181.5,2013-07-19,6634.0,,2259.0,1709.0,764.0
183.5,2013-07-20,6303.0,,2354.0,1709.0,956.0
179.5,2013-07-21,14223.0,,2887.0,1709.0,1590.0
184.0,2013-07-22,12034.0,,2651.0,1709.0,667.0
181.5,2013-07-23,5939.0,,2207.0,1709.0,705.0
181.0,2013-07-24,9535.0,,2521.0,1709.0,972.0
178.5,2013-07-25,13896.0,,2892.0,1709.0,1421.0
180.0,2013-07-26,7110.0,,2376.0,1709.0,822.0
,2013-07-27,12866.0,,2926.0,1709.0,1525.0
,2013-07-28,13475.0,,2837.0,1709.0,1400.0
180.5,2013-07-29,5752.0,,2237.0,1709.0,629.0
180.0,2013-07-30,7769.0,,2409.0,1709.0,857.0
181.0,2013-07-31,7112.0,,2362.0,1709.0,800.0
179.5,2013-08-01,6239.0,,2269.0,1709.0,692.0
179.5,2013-08-02,8883.0,,2479.0,1709.0,940.0
,2013-08-03,11687.0,,2833.0,1709.0,1414.0
179.5,2013-08-04,11592.0,,2725.0,1709.0,1266.0
180.0,2013-08-05,8429.0,,2479.0,1709.0,960.0
179.5,2013-08-06,8878.0,,2474.0,1709.0,925.0
180.5,2013-08-07,7900.0,,2482.0,1709.0,971.0
179.5,2013-08-08,8990.0,,2485.0,1709.0,961.0
179.5,2013-08-09,8512.0,,2447.0,1709.0,927.0
177.5,2013-08-10,10522.0,,2724.0,1709.0,1271.0
178.5,2013-08-11,10165.0,,2622.0,1709.0,1128.0
179.5,2013-08-12,8917.0,,2504.0,1709.0,975.0
180.0,2013-08-13,7672.0,,2397.0,1709.0,851.0
180.0,2013-08-14,8824.0,,2490.0,1709.0,951.0
181.0,2013-08-15,7774.0,,2427.0,1709.0,910.0
179.0,2013-08-16,11952.0,,2805.0,1709.0,1325.0
178.5,2013-08-17,12206.0,,2876.0,1709.0,1492.0
176.5,2013-08-18,12219.0,,2832.0,1709.0,1446.0
174.0,2013-08-19,11011.0,,2780.0,1709.0,1338.0
176.0,2013-08-20,8679.0,,2468.0,1709.0,909.0
175.0,2013-08-21,5926.0,,2345.0,1709.0,797.0
174.5,2013-08-22,14477.0,,2944.0,1709.0,1480.0
176.0,2013-08-23,9068.0,,2553.0,1709.0,1030.0
176.5,2013-08-24,10397.0,,2680.0,1709.0,1194.0
177.0,2013-08-25,9070.0,,2562.0,1709.0,1044.0
178.5,2013-08-26,8131.0,,2419.0,1709.0,861.0
177.5,2013-08-27,6929.0,,2310.0,1709.0,746.0
174.5,2013-08-28,12673.0,,2798.0,1709.0,1307.0
176.5,2013-08-29,8203.0,,2408.0,1709.0,867.0
176.0,2013-08-30,13579.0,,2886.0,1709.0,1403.0
175.5,2013-08-31,8346.0,,2520.0,1709.0,997.0
178.5,2013-09-01,4537.0,,2197.0,1709.0,631.0
177.5,2013-09-02,9577.0,,2553.0,1709.0,1011.0
176.0,2013-09-03,13185.0,,2839.0,1709.0,1334.0
176.5,2013-09-04,7319.0,,2371.0,1709.0,778.0
175.5,2013-09-05,13129.0,,2822.0,1709.0,1332.0
176.5,2013-09-06,9764.0,,2616.0,1709.0,1130.0
177.5,2013-09-07,5533.0,,2260.0,1709.0,716.0
176.5,2013-09-08,8960.0,,2595.0,1709.0,1098.0
175.5,2013-09-09,8977.0,,2505.0,1709.0,1000.0
175.0,2013-09-10,6502.0,,2301.0,1709.0,703.0
176.0,2013-09-11,7745.0,,2392.0,1709.0,832.0
177.5,2013-09-12,5929.0,,2235.0,1709.0,647.0
,2013-09-13,7363.0,,2405.0,1709.0,848.0
177.0,2013-09-14,9860.0,,2583.0,1709.0,1056.0
178.0,2013-09-15,6385.0,,2348.0,1709.0,758.0
176.5,2013-09-16,8673.0,,2454.0,1709.0,898.0
173.5,2013-09-17,11547.0,,2680.0,1709.0,1152.0
176.5,2013-09-18,13012.0,,2782.0,1709.0,1316.0
178.5,2013-09-19,7814.0,,2453.0,1709.0,961.0
178.0,2013-09-20,6128.0,,2309.0,1709.0,732.0
178.0,2013-09-21,8992.0,,2560.0,1709.0,1029.0
177.0,2013-09-22,10605.0,,2645.0,1709.0,1154.0
175.5,2013-09-23,12803.0,,2783.0,1709.0,1252.0
176.0,2013-09-24,9211.0,,2490.0,1709.0,956.0
177.5,2013-09-25,8844.0,,2470.0,1709.0,956.0
177.5,2013-09-26,8821.0,,2475.0,1709.0,924.0
175.0,2013-09-27,15904.0,,3033.0,1709.0,1584.0
176.0,2013-09-28,9723.0,,2590.0,1709.0,1058.0
176.5,2013-09-29,11898.0,,2696.0,1709.0,1196.0
178.0,2013-09-30,5303.0,,2252.0,1709.0,652.0
176.5,2013-10-01,13045.0,,2860.0,1709.0,1384.0
178.0,2013-10-02,7986.0,,2393.0,1709.0,835.0
179.0,2013-10-03,7733.0,,2429.0,1709.0,884.0
180.0,2013-10-04,10033.0,,2577.0,1709.0,1034.0
178.5,2013-10-05,10090.0,,2658.0,1709.0,1164.0
178.0,2013-10-06,7979.0,,2456.0,1709.0,910.0
179.5,2013-10-07,8006.0,,2399.0,1709.0,848.0
179.0,2013-10-08,10036.0,,2595.0,1698.0,1095.0
178.5,2013-10-09,7942.0,,2407.0,1694.0,858.0
178.0,2013-10-10,8325.0,,2393.0,1692.0,851.0
181.0,2013-10-11,7808.0,,2450.0,1691.0,933.0
181.0,2013-10-12,12762.0,,2879.0,1690.0,1509.0
177.0,2013-10-13,9212.0,,2569.0,1689.0,1038.0
178.5,2013-10-14,7789.0,,2391.0,1689.0,850.0
180.0,2013-10-15,7948.0,,2355.0,1689.0,806.0
181.0,2013-10-16,7232.0,,2359.0,1689.0,851.0
180.0,2013-10-17,5966.0,,2174.0,1688.0,606.0
180.0,2013-10-18,9624.0,,2532.0,1688.0,1050.0
178.5,2013-10-19,9985.0,,2607.0,1688.0,1144.0
179.5,2013-10-20,12152.0,,2706.0,1688.0,1229.0
180.5,2013-10-21,12993.0,,2779.0,1688.0,1294.0
180.0,2013-10-22,10311.0,,2626.0,1688.0,1146.0
180.5,2013-10-23,14392.0,,2895.0,1688.0,1438.0
179.5,2013-10-24,11307.0,,2649.0,1687.0,1124.0
179.5,2013-10-25,12932.0,,2771.0,1687.0,1284.0
182.0,2013-10-26,9917.0,,2689.0,1687.0,1272.0
180.0,2013-10-27,13008.0,,2815.0,1687.0,1382.0
183.0,2013-10-28,13854.0,,2860.0,1687.0,1392.0
180.5,2013-10-29,13298.0,,2791.0,1687.0,1307.0
179.0,2013-10-30,13912.0,,2874.0,1687.0,1392.0
180.0,2013-10-31,11849.0,,2722.0,1687.0,1236.0
179.5,2013-11-01,13482.0,,2806.0,1687.0,1331.0
179.5,2013-11-02,14390.0,,2926.0,1687.0,1517.0
180.0,2013-11-03,12419.0,,2910.0,1687.0,754.0
179.5,2013-11-04,14382.0,,2895.0,1687.0,1412.0
181.0,2013-11-05,12746.0,,2757.0,1687.0,1265.0
179.0,2013-11-06,15179.0,,2999.0,1687.0,1578.0
181.0,2013-11-07,9334.0,,2530.0,1687.0,1053.0
180.0,2013-11-08,15798.0,,2986.0,1687.0,1557.0
180.5,2013-11-09,14026.0,,2907.0,1687.0,1494.0
180.0,2013-11-10,12599.0,,2772.0,1687.0,1315.0
181.0,2013-11-11,8528.0,,2411.0,1687.0,880.0
179.5,2013-11-12,13775.0,,2826.0,1687.0,1361.0
181.0,2013-11-13,8006.0,,2443.0,1687.0,942.0
180.0,2013-11-14,14349.0,,2864.0,1687.0,1405.0
178.5,2013-11-15,14113.0,,2868.0,1687.0,1418.0
179.5,2013-11-16,9049.0,,2549.0,1687.0,1034.0
179.5,2013-11-17,14509.0,,2903.0,1687.0,1497.0
181.5,2013-11-18,9288.0,,2459.0,1687.0,943.0
181.5,2013-11-19,8578.0,,2465.0,1687.0,966.0
178.5,2013-11-20,13967.0,,2855.0,1687.0,1403.0
180.0,2013-11-21,7165.0,,2357.0,1687.0,827.0
181.0,2013-11-22,6485.0,,2263.0,1687.0,691.0
179.0,2013-11-23,10049.0,,2608.0,1687.0,1126.0
179.0,2013-11-24,8431.0,,2453.0,1687.0,920.0
180.5,2013-11-25,9086.0,,2480.0,1687.0,966.0
181.5,2013-11-26,7971.0,,2424.0,1687.0,928.0
178.0,2013-11-27,11447.0,,2815.0,1687.0,1396.0
180.0,2013-11-28,3206.0,,2148.0,1687.0,610.0
181.0,2013-11-29,4814.0,,2293.0,1687.0,787.0
,2013-11-30,5974.0,,2366.0,1687.0,914.0
,2013-12-01,5950.0,,2321.0,1687.0,812.0
179.5,2013-12-02,7236.0,,2265.0,1687.0,686.0
179.5,2013-12-03,9480.0,,2516.0,1687.0,1028.0
179.5,2013-12-04,6734.0,,2315.0,1687.0,774.0
178.0,2013-12-05,7033.0,,2358.0,1687.0,826.0
178.0,2013-12-06,9939.0,,2556.0,1687.0,1063.0
180.5,2013-12-07,11909.0,,2771.0,1687.0,1348.0
179.5,2013-12-08,7819.0,,2441.0,1687.0,932.0
177.0,2013-12-09,10472.0,,2609.0,1687.0,1094.0
179.0,2013-12-10,8500.0,,2468.0,1687.0,968.0
180.5,2013-12-11,7544.0,,2362.0,1687.0,820.0
180.5,2013-12-12,8011.0,,2401.0,1687.0,872.0
179.5,2013-12-13,10512.0,,2588.0,1687.0,1055.0
178.0,2013-12-14,9444.0,,2553.0,1687.0,1056.0
178.0,2013-12-15,9695.0,,2583.0,1687.0,1114.0
178.5,2013-12-16,10417.0,,2589.0,1687.0,1119.0
178.0,2013-12-17,14085.0,,2885.0,1687.0,1456.0
179.5,2013-12-18,8020.0,,2402.0,1687.0,896.0
177.5,2013-12-19,16946.0,,3092.0,1687.0,1712.0
180.0,2013-12-20,10935.0,,2668.0,1687.0,1225.0
177.0,2013-12-21,7014.0,,2331.0,1687.0,782.0
177.5,2013-12-22,8068.0,,2461.0,1687.0,968.0
178.5,2013-12-23,8308.0,,2390.0,1687.0,851.0
180.5,2013-12-24,4086.0,,2114.0,1687.0,540.0
181.0,2013-12-25,2315.0,,2013.0,1687.0,449.0
179.0,2013-12-26,15569.0,,2916.0,1686.0,1463.0
180.0,2013-12-27,9570.0,,2492.0,1687.0,981.0
178.5,2013-12-28,11158.0,,2645.0,1687.0,1215.0
177.5,2013-12-29,9190.0,,2518.0,1686.0,1038.0
181.5,2013-12-30,8541.0,,2400.0,1687.0,854.0
182.0,2013-12-31,9991.0,,2518.0,1687.0,1008.0
182.0,2014-01-01,3011.0,,2052.0,1687.0,485.0
180.5,2014-01-02,9740.0,,2578.0,1687.0,1119.0
180.5,2014-01-03,14758.0,,2938.0,1687.0,1510.0
179.5,2014-01-04,12664.0,,2839.0,1687.0,1427.0
181.5,2014-01-05,2970.0,,2081.0,1687.0,521.0
181.5,2014-01-06,6141.0,,2266.0,1687.0,714.0
179.0,2014-01-07,8405.0,,2478.0,1687.0,1004.0
178.5,2014-01-08,16096.0,,3044.0,1687.0,1657.0
178.0,2014-01-09,12358.0,,2759.0,1687.0,1289.0
181.0,2014-01-10,8896.0,,2476.0,1687.0,977.0
179.5,2014-01-11,15012.0,,3039.0,1687.0,1681.0
182.0,2014-01-12,7893.0,,2435.0,1687.0,966.0
180.0,2014-01-13,7304.0,,2401.0,1687.0,887.0
181.5,2014-01-14,6331.0,,2345.0,1687.0,839.0
181.5,2014-01-15,8564.0,,2461.0,1687.0,955.0
181.5,2014-01-16,8754.0,,2485.0,1687.0,1008.0
181.0,2014-01-17,3877.0,,2180.0,1686.0,616.0
181.0,2014-01-18,10773.0,,2736.0,1687.0,1318.0
179.5,2014-01-19,8307.0,,2482.0,1687.0,959.0
180.5,2014-01-20,7635.0,,2421.0,1687.0,938.0
181.0,2014-01-21,7047.0,,2380.0,1687.0,869.0
180.0,2014-01-22,5886.0,,2330.0,1686.0,842.0
179.5,2014-01-23,8250.0,,2493.0,1687.0,1050.0
179.5,2014-01-24,7878.0,,2501.0,1687.0,1044.0
180.0,2014-01-25,5954.0,,2296.0,1687.0,813.0
178.5,2014-01-26,12589.0,,2753.0,1687.0,1302.0
179.0,2014-01-27,6863.0,,2437.0,1686.0,976.0
178.5,2014-01-28,5938.0,,2366.0,1687.0,838.0
179.5,2014-01-29,6241.0,,2382.0,1687.0,856.0
179.5,2014-01-30,10300.0,,2651.0,1687.0,1198.0
,2014-01-31,8451.0,,2490.0,1687.0,1011.0
177.5,2014-02-01,10160.0,,2577.0,1687.0,1063.0
177.5,2014-02-02,16803.0,,3050.0,1686.0,1691.0
180.5,2014-02-03,7283.0,,2488.0,1687.0,1039.0
,2014-02-04,6307.0,,2337.0,1687.0,804.0
178.0,2014-02-05,5513.0,,2252.0,1687.0,692.0
178.5,2014-02-06,7842.0,,2466.0,1687.0,990.0
178.5,2014-02-07,10114.0,,2731.0,1687.0,1342.0
176.5,2014-02-08,14292.0,,2867.0,1687.0,1450.0
176.5,2014-02-09,9200.0,,2520.0,1686.0,1019.0
179.5,2014-02-10,7209.0,,2448.0,1687.0,955.0
179.5,2014-02-11,6955.0,,2382.0,1687.0,882.0
179.5,2014-02-12,8301.0,,2490.0,1687.0,1020.0
179.5,2014-02-13,8217.0,,2491.0,1687.0,997.0
177.5,2014-02-14,7897.0,,2456.0,1687.0,982.0
174.5,2014-02-15,9498.0,,2504.0,1687.0,977.0
175.5,2014-02-16,10753.0,,2637.0,1686.0,1179.0
,2014-02-17,6088.0,,2356.0,1688.0,845.0
177.5,2014-02-18,8065.0,,2400.0,1687.0,852.0
176.0,2014-02-19,7151.0,,2355.0,1687.0,806.0
177.5,2014-02-20,9922.0,,2611.0,1687.0,1156.0
178.0,2014-02-21,8878.0,,2618.0,1687.0,1190.0
178.5,2014-02-22,6240.0,,2328.0,1687.0,841.0
176.5,2014-02-23,12118.0,,2713.0,1687.0,1260.0
178.0,2014-02-24,5757.0,,2353.0,1686.0,844.0
176.5,2014-02-25,8444.0,,2486.0,1688.0,964.0
175.5,2014-02-26,6181.0,,2348.0,1688.0,823.0
176.5,2014-02-27,7199.0,,2403.0,1687.0,896.0
176.0,2014-02-28,7332.0,,2420.0,1687.0,896.0
175.5,2014-03-01,656.0,,1801.0,1687.0,129.0
178.0,2014-03-02,2562.0,,1994.0,1687.0,382.0
177.0,2014-03-03,7814.0,,2478.0,1687.0,984.0
177.5,2014-03-04,10212.0,,2620.0,1687.0,1177.0
178.5,2014-03-05,7920.0,,2445.0,1687.0,967.0
178.0,2014-03-06,9515.0,,2568.0,1686.0,1096.0
177.0,2014-03-07,7777.0,,2461.0,1688.0,977.0
175.5,2014-03-08,10712.0,,2635.0,1688.0,1149.0
175.5,2014-03-09,12207.0,,2729.0,1687.0,1271.0
177.0,2014-03-10,7885.0,,2543.0,1687.0,1128.0
176.5,2014-03-11,10213.0,,2649.0,1687.0,1207.0
175.0,2014-03-12,11854.0,,2776.0,1687.0,1295.0
176.5,2014-03-13,10333.0,,2669.0,1687.0,1224.0
177.5,2014-03-14,6840.0,,2462.0,1687.0,954.0
177.5,2014-03-15,12376.0,,2781.0,1687.0,1339.0
176.5,2014-03-16,10369.0,,2641.0,1686.0,1184.0
179.0,2014-03-17,6171.0,,2324.0,1686.0,774.0
178.0,2014-03-18,6395.0,,2367.0,1688.0,836.0
177.5,2014-03-19,6461.0,,2325.0,1688.0,740.0
177.5,2014-03-20,8443.0,,2494.0,1688.0,977.0
177.0,2014-03-21,11596.0,,2734.0,1687.0,1296.0
176.5,2014-03-22,9771.0,,2587.0,1687.0,1088.0
176.0,2014-03-23,10942.0,,2661.0,1687.0,1191.0
177.5,2014-03-24,6859.0,,2344.0,1687.0,823.0
178.0,2014-03-25,7295.0,,2400.0,1687.0,865.0
177.0,2014-03-26,6846.0,,2386.0,1687.0,853.0
178.5,2014-03-27,7828.0,,2415.0,1687.0,906.0
178.0,2014-03-28,5393.0,,2284.0,1687.0,720.0
175.0,2014-03-29,13707.0,,2909.0,1686.0,1507.0
177.0,2014-03-30,11467.0,,2692.0,1688.0,1250.0
177.0,2014-03-31,6728.0,,2332.0,1688.0,802.0
177.0,2014-04-01,6494.0,,2328.0,1688.0,764.0
178.0,2014-04-02,6500.0,,2387.0,1688.0,871.0
178.5,2014-04-03,9849.0,,2680.0,1688.0,1272.0
174.5,2014-04-04,17168.0,,3123.0,1687.0,1757.0
174.0,2014-04-05,9885.0,,2585.0,1687.0,1109.0
173.5,2014-04-06,10145.0,,2569.0,1687.0,1069.0
176.5,2014-04-07,5107.0,,2249.0,1687.0,679.0
177.5,2014-04-08,9151.0,,2531.0,1687.0,1061.0
176.0,2014-04-09,5545.0,,2291.0,1687.0,760.0
177.5,2014-04-10,7718.0,,2398.0,1687.0,882.0
174.5,2014-04-11,10019.0,,2627.0,1687.0,1111.0
176.5,2014-04-12,11818.0,,2726.0,1686.0,1259.0
176.0,2014-04-13,9283.0,,2500.0,1686.0,985.0
177.5,2014-04-14,5878.0,,2324.0,1688.0,776.0
178.5,2014-04-15,10206.0,,2718.0,1688.0,1332.0
178.0,2014-04-16,7355.0,,2389.0,1688.0,867.0
178.5,2014-04-17,9768.0,,2588.0,1688.0,1121.0
,2014-04-18,9098.0,,2581.0,1688.0,1138.0
176.5,2014-04-19,15509.0,,2970.0,1688.0,1577.0
178.0,2014-04-20,9220.0,,2464.0,1687.0,930.0
178.5,2014-04-21,8976.0,,2563.0,1687.0,1093.0
180.5,2014-04-22,7936.0,,2483.0,1687.0,974.0
179.5,2014-04-23,5099.0,,2245.0,1687.0,692.0
178.5,2014-04-24,6841.0,,2408.0,1687.0,907.0
176.0,2014-04-25,10918.0,,2687.0,1687.0,1195.0
177.5,2014-04-26,9725.0,,2585.0,1687.0,1102.0
176.5,2014-04-27,14103.0,,2810.0,1687.0,1391.0
178.5,2014-04-28,6550.0,,2373.0,1687.0,856.0
180.5,2014-04-29,7205.0,,2422.0,1686.0,899.0
182.0,2014-04-30,9542.0,,2596.0,1686.0,1134.0
179.5,2014-05-01,8779.0,,2479.0,1688.0,988.0
178.0,2014-05-02,7144.0,,2389.0,1688.0,854.0
,2014-05-03,10985.0,,2664.0,1688.0,1207.0
178.0,2014-05-04,13048.0,,2808.0,1688.0,1391.0
180.0,2014-05-05,12696.0,,2815.0,1688.0,1328.0
180.5,2014-05-06,16462.0,,3116.0,1688.0,1735.0
179.0,2014-05-07,9629.0,,2601.0,1688.0,1056.0
180.5,2014-05-08,8282.0,,2516.0,1688.0,1065.0
180.0,2014-05-09,6930.0,,2418.0,1687.0,886.0
179.0,2014-05-10,11546.0,,2709.0,1687.0,1220.0
178.0,2014-05-11,8929.0,,2508.0,1687.0,998.0
179.5,2014-05-12,7388.0,,2482.0,1687.0,1016.0
180.0,2014-05-13,8180.0,,2475.0,1687.0,968.0
178.0,2014-05-14,13200.0,,2864.0,1687.0,1414.0
180.5,2014-05-15,7596.0,,2397.0,1687.0,855.0
178.0,2014-05-16,11069.0,,2715.0,1687.0,1257.0
178.0,2014-05-17,8985.0,,2472.0,1687.0,935.0
180.0,2014-05-18,8563.0,,2447.0,1687.0,972.0
180.5,2014-05-19,6791.0,,2350.0,1686.0,798.0
181.5,2014-05-20,9811.0,,2613.0,1686.0,1154.0
177.5,2014-05-21,10892.0,,2673.0,1689.0,1142.0
179.0,2014-05-22,7278.0,,2378.0,1688.0,832.0
180.5,2014-05-23,11128.0,,2704.0,1688.0,1233.0
179.5,2014-05-24,7737.0,,2398.0,1688.0,834.0
178.5,2014-05-25,11996.0,,2747.0,1688.0,1281.0
179.0,2014-05-26,8825.0,,2520.0,1688.0,1018.0
179.5,2014-05-27,7247.0,,2479.0,1688.0,1009.0
178.5,2014-05-28,12169.0,,2740.0,1688.0,1240.0
180.0,2014-05-29,7433.0,,2424.0,1688.0,895.0
180.5,2014-05-30,9982.0,,2601.0,1688.0,1093.0
179.0,2014-05-31,10158.0,,2689.0,1688.0,1218.0
180.5,2014-06-01,6532.0,,2232.0,1688.0,628.0
179.5,2014-06-02,10547.0,,2660.0,1687.0,1149.0
179.5,2014-06-03,9005.0,,2497.0,1687.0,1005.0
180.0,2014-06-04,6171.0,,2267.0,1687.0,687.0
180.0,2014-06-05,8020.0,,2492.0,1687.0,999.0
179.5,2014-06-06,5965.0,,2280.0,1687.0,709.0
178.0,2014-06-07,8027.0,,2428.0,1687.0,886.0
178.5,2014-06-08,13064.0,,2821.0,1687.0,1392.0
179.5,2014-06-09,14979.0,,2994.0,1687.0,1707.0
180.0,2014-06-10,4837.0,,2266.0,1687.0,694.0
181.0,2014-06-11,6717.0,,2361.0,1687.0,799.0
179.5,2014-06-12,10033.0,,2588.0,1687.0,1060.0
179.5,2014-06-13,7443.0,,2392.0,1686.0,857.0
178.0,2014-06-14,13848.0,,2859.0,1686.0,1453.0
176.5,2014-06-15,13342.0,,2805.0,1686.0,1388.0
178.5,2014-06-16,11088.0,,2682.0,1689.0,1166.0
177.0,2014-06-17,11764.0,,2772.0,1689.0,1296.0
179.0,2014-06-18,7894.0,,2502.0,1689.0,1021.0
,2014-06-19,15478.0,,3048.0,1688.0,1604.0
178.0,2014-06-20,11164.0,,2792.0,1688.0,1306.0
,2014-06-21,6824.0,,2439.0,1683.0,982.0
,2014-06-22,6916.0,,2404.0,1683.0,871.0
183.5,2014-06-23,10373.0,,2617.0,1683.0,1133.0
178.0,2014-06-24,15855.0,,3029.0,1683.0,1615.0
177.0,2014-06-25,6435.0,,2277.0,1683.0,724.0
177.0,2014-06-26,7790.0,,2461.0,1683.0,950.0
181.0,2014-06-27,7908.0,,2437.0,1683.0,948.0
179.5,2014-06-28,13332.0,,2770.0,1683.0,1328.0
176.5,2014-06-29,13404.0,,2838.0,1683.0,1352.0
177.5,2014-06-30,8352.0,,2484.0,1683.0,984.0
180.5,2014-07-01,12066.0,,2755.0,1683.0,1301.0
177.0,2014-07-02,16903.0,,3124.0,1683.0,1757.0
178.5,2014-07-03,8182.0,,2538.0,1682.0,1113.0
177.0,2014-07-04,11228.0,,2651.0,1682.0,1135.0
177.5,2014-07-05,9239.0,,2514.0,1682.0,988.0
178.0,2014-07-06,14676.0,,2936.0,1682.0,1507.0
180.5,2014-07-07,6489.0,,2340.0,1682.0,795.0
178.5,2014-07-08,10159.0,,2623.0,1682.0,1107.0
,2014-07-09,18315.0,,3221.0,1682.0,1865.0
177.0,2014-07-10,7718.0,,2400.0,1682.0,868.0
177.5,2014-07-11,12656.0,,2869.0,1682.0,1430.0
177.0,2014-07-12,17984.0,,3122.0,1682.0,1701.0
177.5,2014-07-13,10276.0,,2558.0,1682.0,1009.0
179.0,2014-07-14,7911.0,,2501.0,1682.0,1024.0
176.5,2014-07-15,13167.0,,2846.0,1682.0,1401.0
178.0,2014-07-16,12878.0,,2822.0,1681.0,1445.0
176.5,2014-07-17,9541.0,,2593.0,1684.0,1128.0
174.5,2014-07-18,13544.0,,2895.0,1684.0,1431.0
174.5,2014-07-19,10493.0,,2554.0,1684.0,983.0
174.5,2014-07-20,9715.0,,2544.0,1684.0,1018.0
177.0,2014-07-21,8112.0,,2527.0,1684.0,1043.0
176.0,2014-07-22,14413.0,,2992.0,1684.0,1579.0
179.0,2014-07-23,10630.0,,2632.0,1684.0,1151.0
178.5,2014-07-24,9065.0,,2556.0,1684.0,1083.0
175.5,2014-07-25,17951.0,,3218.0,1684.0,1828.0
175.5,2014-07-26,9300.0,,2539.0,1684.0,998.0
174.5,2014-07-27,11855.0,,2743.0,1683.0,1262.0
177.0,2014-07-28,5904.0,,2303.0,1683.0,732.0
178.5,2014-07-29,5786.0,,2308.0,1683.0,752.0
178.0,2014-07-30,17534.0,,3151.0,1683.0,1758.0
179.5,2014-07-31,6326.0,,2344.0,1683.0,815.0
177.5,2014-08-01,10549.0,,2653.0,1683.0,1142.0
175.5,2014-08-02,17690.0,,3185.0,1683.0,1765.0
175.5,2014-08-03,14693.0,,2993.0,1683.0,1546.0
177.0,2014-08-04,6736.0,,2367.0,1683.0,864.0
177.0,2014-08-05,4935.0,,2266.0,1683.0,718.0
175.5,2014-08-06,9569.0,,2582.0,1683.0,1048.0
176.0,2014-08-07,5487.0,,2285.0,1683.0,735.0
173.0,2014-08-08,14516.0,,2970.0,1683.0,1540.0
174.5,2014-08-09,14238.0,,2937.0,1683.0,1535.0
171.5,2014-08-10,18890.0,,3293.0,1683.0,1914.0
175.5,2014-08-11,8471.0,,2462.0,1682.0,916.0
177.0,2014-08-12,5983.0,,2279.0,1682.0,726.0
177.5,2014-08-13,11419.0,,2743.0,1682.0,1269.0
179.0,2014-08-14,7326.0,,2399.0,1682.0,869.0
177.0,2014-08-15,13010.0,,2829.0,1682.0,1332.0
176.0,2014-08-16,8154.0,,2423.0,1682.0,875.0
175.0,2014-08-17,11545.0,,2708.0,1682.0,1222.0
179.0,2014-08-18,5886.0,,2367.0,1682.0,855.0
177.0,2014-08-19,11960.0,,2776.0,1682.0,1315.0
175.5,2014-08-20,14021.0,,2905.0,1682.0,1422.0
175.5,2014-08-21,11163.0,,2707.0,1682.0,1206.0
,2014-08-22,11048.0,,2670.0,1682.0,1161.0
174.5,2014-08-23,15171.0,,2939.0,1682.0,1495.0
172.5,2014-08-24,18992.0,,3269.0,1682.0,1864.0
177.0,2014-08-25,6778.0,,2372.0,1681.0,849.0
176.5,2014-08-26,10397.0,,2681.0,1681.0,1193.0
178.5,2014-08-27,7541.0,,2451.0,1685.0,965.0
174.5,2014-08-28,15555.0,,3092.0,1684.0,1645.0
176.5,2014-08-29,4782.0,,2211.0,1684.0,627.0
174.0,2014-08-30,21205.0,,3394.0,1684.0,1981.0
174.5,2014-08-31,7602.0,,2433.0,1684.0,897.0
175.0,2014-09-01,11489.0,,2709.0,1684.0,1205.0
177.5,2014-09-02,6507.0,,2359.0,1684.0,842.0
177.0,2014-09-03,15164.0,,2950.0,1684.0,1551.0
176.5,2014-09-04,9162.0,,2590.0,1684.0,1097.0
178.5,2014-09-05,5671.0,,2308.0,1684.0,747.0
176.5,2014-09-06,9024.0,,2546.0,1684.0,1050.0
173.5,2014-09-07,17789.0,,3159.0,1684.0,1693.0
176.5,2014-09-08,5185.0,,2267.0,1684.0,719.0
176.0,2014-09-09,11091.0,,2678.0,1684.0,1148.0
177.0,2014-09-10,6070.0,,2354.0,1684.0,835.0
175.5,2014-09-11,15588.0,,3060.0,1684.0,1641.0
177.0,2014-09-12,6863.0,,2405.0,1684.0,914.0
176.0,2014-09-13,3033.0,,2059.0,1684.0,476.0
177.5,2014-09-14,11886.0,,2718.0,1683.0,1235.0
178.0,2014-09-15,5012.0,,2264.0,1683.0,724.0
175.5,2014-09-16,10716.0,,2714.0,1683.0,1246.0
176.5,2014-09-17,15188.0,,3012.0,1683.0,1568.0
178.0,2014-09-18,7385.0,,2369.0,1683.0,842.0
178.5,2014-09-19,7210.0,,2384.0,1683.0,870.0
178.0,2014-09-20,11493.0,,2745.0,1683.0,1320.0
174.5,2014-09-21,20377.0,,3384.0,1683.0,1968.0
179.5,2014-09-22,4154.0,,2150.0,1683.0,563.0
180.5,2014-09-23,5417.0,,2278.0,1683.0,719.0
180.0,2014-09-24,10527.0,,2558.0,1683.0,1067.0
178.5,2014-09-25,12021.0,,2788.0,1683.0,1316.0
177.5,2014-09-26,10865.0,,2718.0,1683.0,1213.0
175.5,2014-09-27,16371.0,,3062.0,1683.0,1674.0
173.5,2014-09-28,19989.0,,3279.0,1683.0,1881.0
177.5,2014-09-29,4952.0,,2220.0,1683.0,618.0
178.0,2014-09-30,9661.0,,2603.0,1683.0,1086.0
,2014-10-01,17877.0,,3191.0,1682.0,1826.0
179.5,2014-10-02,7932.0,,2430.0,1682.0,925.0
179.0,2014-10-03,7433.0,,2464.0,1682.0,994.0
176.5,2014-10-04,10917.0,,2715.0,1682.0,1262.0
175.5,2014-10-05,9719.0,,2572.0,1682.0,1079.0
176.0,2014-10-06,4088.0,,2171.0,1682.0,589.0
178.5,2014-10-07,10306.0,,2653.0,1682.0,1148.0
180.0,2014-10-08,17979.0,,3150.0,1682.0,1850.0
,2014-10-09,11896.0,,2731.0,1682.0,1237.0
178.5,2014-10-10,4477.0,,2205.0,1682.0,644.0
175.5,2014-10-11,9529.0,,2534.0,1682.0,1012.0
176.0,2014-10-12,8274.0,,2447.0,1682.0,935.0
179.5,2014-10-13,6073.0,,2335.0,1682.0,829.0
179.5,2014-10-14,10770.0,,2692.0,1682.0,1201.0
179.5,2014-10-15,13770.0,,2824.0,1682.0,1456.0
179.0,2014-10-16,6591.0,,2379.0,1682.0,846.0
180.5,2014-10-17,6827.0,,2374.0,1682.0,860.0
179.0,2014-10-18,12279.0,,2759.0,1681.0,1424.0
175.0,2014-10-19,27739.0,,3946.0,1681.0,2619.0
179.0,2014-10-20,3956.0,,2111.0,1685.0,501.0
,2014-10-21,8172.0,,2482.0,1685.0,990.0
178.0,2014-10-22,9851.0,,2557.0,1685.0,1078.0
179.5,2014-10-23,8616.0,,2511.0,1685.0,1029.0
181.0,2014-10-24,9900.0,,2604.0,1685.0,1073.0
178.5,2014-10-25,10215.0,,2589.0,1685.0,1057.0
177.0,2014-10-26,9115.0,,2536.0,1685.0,1019.0
177.5,2014-10-27,5063.0,,2276.0,1685.0,724.0
180.0,2014-10-28,7770.0,,2449.0,1685.0,946.0
179.5,2014-10-29,4472.0,,2266.0,1685.0,732.0
178.5,2014-10-30,11257.0,,2714.0,1685.0,1227.0
179.5,2014-10-31,6246.0,,2391.0,1685.0,902.0
180.0,2014-11-01,8344.0,,2435.0,1684.0,877.0
179.5,2014-11-02,12598.0,,2870.0,1684.0,1383.0
179.0,2014-11-03,9518.0,,2542.0,1684.0,1060.0
177.0,2014-11-04,15902.0,,3063.0,1684.0,1663.0
179.0,2014-11-05,10365.0,,2621.0,1684.0,1130.0
179.0,2014-11-06,10046.0,,2621.0,1684.0,1198.0
179.0,2014-11-07,10275.0,,2635.0,1684.0,1130.0
179.0,2014-11-08,11573.0,,2676.0,1684.0,1151.0
180.5,2014-11-09,7487.0,,2375.0,1684.0,827.0
180.5,2014-11-10,3831.0,,2058.0,1684.0,456.0
180.5,2014-11-11,10585.0,,2613.0,1684.0,1141.0
180.5,2014-11-12,7203.0,,2379.0,1684.0,868.0
178.5,2014-11-13,14828.0,,2924.0,1684.0,1462.0
181.0,2014-11-14,11669.0,,2674.0,1684.0,1229.0
177.5,2014-11-15,7848.0,,2414.0,1684.0,880.0
178.5,2014-11-16,13044.0,,2813.0,1684.0,1381.0
181.5,2014-11-17,9229.0,,2510.0,1684.0,995.0
180.5,2014-11-18,13911.0,,2898.0,1684.0,1463.0
180.5,2014-11-19,11109.0,,2619.0,1684.0,1131.0
179.0,2014-11-20,16110.0,,3007.0,1684.0,1588.0
180.5,2014-11-21,10638.0,,2625.0,1684.0,1158.0
,2014-11-22,11818.0,,2729.0,1683.0,1300.0
,2014-11-23,8845.0,,2484.0,1683.0,983.0
178.5,2014-11-24,15537.0,,2999.0,1683.0,1614.0
180.5,2014-11-25,5101.0,,2264.0,1683.0,720.0
181.0,2014-11-26,9555.0,,2561.0,1683.0,1083.0
180.5,2014-11-27,6427.0,,2438.0,1683.0,993.0
179.5,2014-11-28,9055.0,,2508.0,1683.0,1014.0
179.5,2014-11-29,11716.0,,2727.0,1683.0,1282.0
178.0,2014-11-30,11425.0,,2696.0,1683.0,1204.0
179.5,2014-12-01,9843.0,,2491.0,1683.0,972.0
181.0,2014-12-02,8083.0,,2442.0,1683.0,931.0
182.5,2014-12-03,11413.0,,2770.0,1683.0,1389.0
179.5,2014-12-04,16407.0,,3099.0,1683.0,1722.0
178.5,2014-12-05,9134.0,,2526.0,1683.0,1067.0
178.0,2014-12-06,15479.0,,3045.0,1683.0,1714.0
178.0,2014-12-07,8845.0,,2534.0,1683.0,1049.0
179.5,2014-12-08,9809.0,,2561.0,1683.0,1078.0
181.5,2014-12-09,7950.0,,2459.0,1683.0,962.0
179.5,2014-12-10,7721.0,,2557.0,1683.0,1136.0
178.0,2014-12-11,11625.0,,2774.0,1683.0,1331.0
178.0,2014-12-12,8281.0,,2468.0,1682.0,982.0
179.5,2014-12-13,16869.0,,3166.0,1682.0,1831.0
175.5,2014-12-14,15494.0,,3018.0,1682.0,1664.0
177.0,2014-12-15,8495.0,,2513.0,1682.0,1034.0
176.0,2014-12-16,10982.0,,2717.0,1682.0,1277.0
176.0,2014-12-17,12002.0,,2839.0,1682.0,1502.0
174.5,2014-12-18,14115.0,,2960.0,1682.0,1568.0
175.0,2014-12-19,8742.0,,2554.0,1682.0,1111.0
175.5,2014-12-20,11441.0,,2741.0,1682.0,1354.0
173.5,2014-12-21,11566.0,,2725.0,1682.0,1299.0
175.5,2014-12-22,8940.0,,2531.0,1682.0,1091.0
176.0,2014-12-23,9034.0,,2555.0,1682.0,1103.0
173.0,2014-12-24,10806.0,,2687.0,1682.0,1289.0
175.0,2014-12-25,5814.0,,2375.0,1682.0,845.0
173.0,2014-12-26,15130.0,,2952.0,1682.0,1590.0
173.0,2014-12-27,3465.0,,2100.0,1682.0,554.0
175.0,2014-12-28,7925.0,,2506.0,1682.0,1065.0
172.0,2014-12-29,12995.0,,2787.0,1682.0,1316.0
172.5,2014-12-30,9037.0,,2508.0,1682.0,1034.0
170.5,2014-12-31,12967.0,,2810.0,1682.0,1420.0
172.0,2015-01-01,4124.0,,2084.0,1681.0,536.0
170.0,2015-01-02,9550.0,,2508.0,1681.0,1008.0
170.0,2015-01-03,7571.0,,2398.0,1686.0,863.0
171.5,2015-01-04,5160.0,,2290.0,1686.0,828.0
172.0,2015-01-05,9030.0,,2660.0,1686.0,1290.0
171.5,2015-01-06,11091.0,,2708.0,1686.0,1294.0
170.0,2015-01-07,15321.0,,3063.0,1686.0,1727.0
172.5,2015-01-08,8028.0,,2491.0,1686.0,1013.0
173.5,2015-01-09,8464.0,,2491.0,1686.0,1020.0
171.5,2015-01-10,10470.0,,2614.0,1681.0,1151.0
173.5,2015-01-11,6397.0,,2346.0,1687.0,879.0
172.0,2015-01-12,14320.0,,2969.0,1689.0,1563.0
173.0,2015-01-13,9106.0,,2551.0,1690.0,1090.0
171.5,2015-01-14,15723.0,,3106.0,1690.0,1755.0
172.5,2015-01-15,9419.0,,2675.0,1691.0,1247.0
172.5,2015-01-16,9346.0,,2561.0,1691.0,1071.0
171.5,2015-01-17,11747.0,,2959.0,1691.0,1502.0
170.5,2015-01-18,13248.0,,2904.0,1691.0,1467.0
171.5,2015-01-19,4242.0,,2227.0,1691.0,655.0
171.5,2015-01-20,7426.0,,2702.0,1692.0,1125.0
171.5,2015-01-21,9122.0,,2731.0,1692.0,1255.0
169.5,2015-01-22,9991.0,,2894.0,1692.0,1348.0
171.5,2015-01-23,5502.0,,2327.0,1692.0,818.0
170.5,2015-01-24,10539.0,,2801.0,1692.0,1293.0
170.5,2015-01-25,10866.0,,2976.0,1692.0,1499.0
173.0,2015-01-26,5845.0,,2599.0,1692.0,1038.0
171.5,2015-01-27,6680.0,,2557.0,1692.0,932.0
171.0,2015-01-28,5115.0,,2335.0,1692.0,781.0
172.5,2015-01-29,7365.0,,2619.0,1692.0,1105.0
172.5,2015-01-30,5912.0,,2405.0,1692.0,884.0
172.5,2015-01-31,5694.0,,2380.0,1692.0,842.0
173.5,2015-02-01,4640.0,,2259.0,1692.0,734.0
173.5,2015-02-02,4518.0,,2234.0,1692.0,677.0
174.0,2015-02-03,4883.0,,2346.0,1692.0,803.0
173.5,2015-02-04,5898.0,,2401.0,1692.0,873.0
171.5,2015-02-05,10742.0,,2759.0,1692.0,1239.0
174.0,2015-02-06,4477.0,,2250.0,1692.0,690.0
173.5,2015-02-07,12078.0,,2824.0,1692.0,1339.0
172.5,2015-02-08,12732.0,,2893.0,1692.0,1403.0
174.5,2015-02-09,5336.0,,2335.0,1692.0,800.0
172.5,2015-02-10,10703.0,,2822.0,1692.0,1303.0
172.0,2015-02-11,11424.0,,2829.0,1692.0,1374.0
171.5,2015-02-12,8602.0,,2509.0,1692.0,965.0
173.5,2015-02-13,5326.0,,2293.0,1692.0,747.0
172.0,2015-02-14,9201.0,,2541.0,1692.0,1042.0
172.5,2015-02-15,9321.0,,2625.0,1692.0,1129.0
173.5,2015-02-16,4508.0,,2183.0,1692.0,623.0
174.5,2015-02-17,5625.0,,2316.0,1692.0,768.0
173.5,2015-02-18,5423.0,,2388.0,1692.0,859.0
173.5,2015-02-19,5006.0,,2404.0,1692.0,813.0
174.5,2015-02-20,3488.0,,2106.0,1692.0,521.0
172.5,2015-02-21,8478.0,,2529.0,1692.0,1000.0
173.0,2015-02-22,8353.0,,2519.0,1692.0,1020.0
174.0,2015-02-23,5023.0,,2286.0,1692.0,744.0
,2015-02-24,9571.0,,2609.0,1692.0,1062.0
,2015-02-25,7510.0,,2456.0,1692.0,885.0
,2015-02-26,7808.0,,2522.0,1692.0,950.0
,2015-02-27,8609.0,,2575.0,1692.0,1056.0
,2015-02-28,4727.0,,2324.0,1692.0,740.0
175.0,2015-03-01,8214.0,,2616.0,1692.0,1085.0
174.5,2015-03-02,5034.0,,2383.0,1692.0,800.0
173.5,2015-03-03,10283.0,,2898.0,1692.0,1307.0
176.5,2015-03-04,4500.0,,2328.0,1692.0,761.0
175.5,2015-03-05,9465.0,,2594.0,1692.0,1047.0
175.5,2015-03-06,7900.0,,2449.0,1692.0,909.0
175.5,2015-03-07,12787.0,,2840.0,1692.0,1424.0
175.0,2015-03-08,11222.0,,2773.0,1692.0,1324.0
178.0,2015-03-09,3908.0,,2171.0,1692.0,610.0
177.0,2015-03-10,8663.0,,2507.0,1692.0,948.0
178.5,2015-03-11,4433.0,,2208.0,1692.0,611.0
179.0,2015-03-12,4780.0,,2211.0,1692.0,655.0
176.5,2015-03-13,4523.0,,2252.0,1692.0,702.0
175.0,2015-03-14,10000.0,,2667.0,1692.0,1139.0
175.0,2015-03-15,12621.0,,2836.0,1692.0,1354.0
175.5,2015-03-16,10798.0,,2819.0,1692.0,1286.0
175.5,2015-03-17,4928.0,,2293.0,1692.0,743.0
174.5,2015-03-18,4145.0,,2202.0,1692.0,622.0
177.5,2015-03-19,4935.0,,2247.0,1692.0,682.0
176.0,2015-03-20,5850.0,,2367.0,1692.0,822.0
175.0,2015-03-21,11522.0,,2829.0,1692.0,1371.0
175.5,2015-03-22,12690.0,,2860.0,1692.0,1425.0
175.0,2015-03-23,6505.0,,2395.0,1692.0,876.0
174.0,2015-03-24,9614.0,,2673.0,1693.0,1148.0
175.1,2015-03-25,3889.0,,2207.0,1698.0,646.0
175.5,2015-03-26,3797.0,,2152.0,1699.0,585.0
175.8,2015-03-27,3412.0,,2126.0,1701.0,541.0
174.7,2015-03-28,11378.0,,2770.0,1696.0,1272.0
173.2,2015-03-29,9599.0,,2696.0,1689.0,1185.0
174.1,2015-03-30,3402.0,,2171.0,1693.0,546.0
174.5,2015-03-31,9977.0,,2854.0,1695.0,1330.0
174.3,2015-04-01,8815.0,,2685.0,1694.0,1139.0
175.9,2015-04-02,4542.0,,2379.0,1701.0,793.0
175.2,2015-04-03,9680.0,,2629.0,1698.0,1121.0
174.6,2015-04-04,12375.0,,2753.0,1695.0,1284.0
174.3,2015-04-05,10460.0,,2752.0,1694.0,1190.0
177.1,2015-04-06,6505.0,,2370.0,1706.0,833.0
177.5,2015-04-07,6614.0,,2418.0,1708.0,923.0
174.9,2015-04-08,14651.0,,3047.0,1697.0,1610.0
,2015-04-09,6526.0,,2328.0,1696.0,771.0
,2015-04-10,6071.0,,2417.0,1696.0,861.0
174.6,2015-04-11,14521.0,,3189.0,1695.0,1784.0
174.7,2015-04-12,11571.0,,2887.0,1696.0,1404.0
,2015-04-13,12044.0,,2824.0,1709.0,1297.0
,2015-04-14,15717.0,,3200.0,1714.0,1793.0
,2015-04-15,14072.0,,2911.0,1716.0,1405.0
,2015-04-16,9718.0,,2781.0,1717.0,1283.0
180.6,2015-04-17,9136.0,,2688.0,1722.0,1114.0
178.1,2015-04-18,13188.0,,2875.0,1711.0,1353.0
176.6,2015-04-19,8894.0,,2619.0,1705.0,1115.0
178.4,2015-04-20,6001.0,,2383.0,1713.0,828.0
176.7,2015-04-21,10833.0,,2756.0,1705.0,1228.0
177.2,2015-04-22,12018.0,,2942.0,1707.0,1518.0
176.4,2015-04-23,9309.0,,2666.0,1704.0,1141.0
176.2,2015-04-24,5953.0,,2407.0,1703.0,830.0
175.4,2015-04-25,12549.0,,2934.0,1699.0,1417.0
175.6,2015-04-26,12020.0,,2875.0,1700.0,1401.0
178.6,2015-04-27,5431.0,,2319.0,1714.0,762.0
180.1,2015-04-28,10911.0,,2836.0,1720.0,1326.0
177.7,2015-04-29,10847.0,,2803.0,1710.0,1364.0
177.7,2015-04-30,10247.0,,2709.0,1710.0,1161.0
178.7,2015-05-01,5091.0,,2295.0,1714.0,728.0
177.6,2015-05-02,13462.0,,3075.0,1709.0,1594.0
177.8,2015-05-03,11861.0,,2931.0,1710.0,1387.0
179.5,2015-05-04,4531.0,,2287.0,1718.0,707.0
180.7,2015-05-05,3693.0,,2160.0,1723.0,527.0
178.6,2015-05-06,6611.0,,2482.0,1714.0,939.0
177.9,2015-05-07,4786.0,,2345.0,1710.0,806.0
176.7,2015-05-08,4708.0,,2293.0,1705.0,748.0
175.8,2015-05-09,12712.0,,3065.0,1701.0,1587.0
176.1,2015-05-10,10915.0,,2844.0,1702.0,1341.0
179.2,2015-05-11,13253.0,,3098.0,1716.0,1610.0
177.5,2015-05-12,5405.0,,2309.0,1709.0,767.0
179.9,2015-05-13,9209.0,,2637.0,1719.0,1134.0
178.7,2015-05-14,6111.0,,2377.0,1714.0,833.0
177.8,2015-05-15,5188.0,,2276.0,1710.0,736.0
176.0,2015-05-16,10923.0,,2764.0,1702.0,1266.0
174.6,2015-05-17,11522.0,,2927.0,1695.0,1393.0
178.8,2015-05-18,5323.0,,2500.0,1714.0,968.0
179.5,2015-05-19,13258.0,,3032.0,1717.0,1518.0
177.3,2015-05-20,4758.0,,2275.0,1707.0,717.0
177.3,2015-05-21,8956.0,,2681.0,1708.0,1221.0
176.6,2015-05-22,8300.0,,2645.0,1704.0,1152.0
,2015-05-23,15371.0,,3377.0,1709.0,1960.0
178.7,2015-05-24,1654.0,,2161.0,1714.0,353.0
178.8,2015-05-25,1881.0,,2214.0,1714.0,420.0
176.2,2015-05-26,4437.0,,2310.0,1703.0,699.0
174.9,2015-05-27,4683.0,,2176.0,1697.0,602.0
173.8,2015-05-28,10000.0,,2725.0,1692.0,1230.0
174.4,2015-05-29,4302.0,,2226.0,1695.0,660.0
172.7,2015-05-30,7659.0,,2410.0,1687.0,844.0
172.6,2015-05-31,10696.0,,2693.0,1686.0,1176.0
174.8,2015-06-01,6346.0,,2417.0,1696.0,911.0
175.1,2015-06-02,6574.0,,2383.0,1698.0,879.0
174.6,2015-06-03,13087.0,,3009.0,1695.0,1502.0
173.5,2015-06-04,3841.0,,2174.0,1690.0,591.0
174.0,2015-06-05,5771.0,,2291.0,1693.0,742.0
172.0,2015-06-06,12506.0,,2864.0,1684.0,1373.0
170.5,2015-06-07,11528.0,,2930.0,1677.0,1450.0
173.4,2015-06-08,6978.0,,2512.0,1690.0,990.0
174.4,2015-06-09,4485.0,,2236.0,1695.0,630.0
173.9,2015-06-10,9265.0,,2671.0,1692.0,1115.0
173.4,2015-06-11,10012.0,,2758.0,1690.0,1248.0
174.6,2015-06-12,5227.0,,2377.0,1695.0,845.0
171.5,2015-06-13,12310.0,,3180.0,1681.0,1640.0
172.9,2015-06-14,10310.0,,2837.0,1688.0,1347.0
174.9,2015-06-15,4919.0,,2279.0,1697.0,727.0
174.1,2015-06-16,6768.0,,2519.0,1693.0,1078.0
174.3,2015-06-17,27053.0,,4007.0,1694.0,2218.0
,2015-06-18,14566.0,,3031.0,1702.0,1642.0
,2015-06-19,11503.0,,2893.0,1705.0,1482.0
,2015-06-20,18056.0,,3453.0,1707.0,1964.0
,2015-06-21,24077.0,,3499.0,1703.0,2144.0
,2015-06-22,21528.0,,3510.0,1703.0,2007.0
,2015-06-23,5959.0,,2399.0,1704.0,873.0
178.0,2015-06-24,11213.0,,3008.0,1706.0,1636.0
178.3,2015-06-25,7150.0,,2565.0,1707.0,1094.0
178.6,2015-06-26,5201.0,,2319.0,1708.0,808.0
180.0,2015-06-27,8801.0,,2608.0,1715.0,1128.0
,2015-06-28,11291.0,,2794.0,1715.0,1306.0
179.0,2015-06-29,6512.0,,2493.0,1715.0,1004.0
179.0,2015-06-30,6724.0,,2515.0,1715.0,1000.0
179.0,2015-07-01,7938.0,,2513.0,1715.0,1004.0
180.0,2015-07-02,7392.0,,2601.0,1715.0,1138.0
176.0,2015-07-03,14152.0,,3082.0,1715.0,1606.0
177.0,2015-07-04,11581.0,,3045.0,1715.0,1523.0
179.0,2015-07-05,7942.0,,2538.0,1715.0,958.0
181.5,2015-07-06,5791.0,,2454.0,1715.0,955.0
180.0,2015-07-07,4509.0,,2365.0,1715.0,819.0
177.0,2015-07-08,4191.0,,2323.0,1715.0,767.0
178.5,2015-07-09,4786.0,,2367.0,1715.0,783.0
179.5,2015-07-10,5156.0,,2459.0,1715.0,893.0
177.5,2015-07-11,11698.0,,2897.0,1715.0,1342.0
175.5,2015-07-12,12123.0,,2982.0,1715.0,1505.0
178.0,2015-07-13,7406.0,,2429.0,1715.0,906.0
180.5,2015-07-14,11955.0,,2841.0,1715.0,1311.0
180.5,2015-07-15,11066.0,,2936.0,1715.0,1539.0
180.5,2015-07-16,6945.0,,2539.0,1715.0,1091.0
180.0,2015-07-17,9783.0,,2776.0,1715.0,1282.0
179.0,2015-07-18,9768.0,,2556.0,1715.0,1016.0
178.0,2015-07-19,8702.0,,2564.0,1715.0,1029.0
185.0,2015-07-20,4048.0,,2249.0,1715.0,698.0
183.5,2015-07-21,5400.0,,2298.0,1715.0,734.0
179.5,2015-07-22,13650.0,,3028.0,1715.0,1612.0
179.5,2015-07-23,6613.0,,2415.0,1715.0,870.0
175.5,2015-07-24,15525.0,,3424.0,1715.0,1915.0
177.0,2015-07-25,12498.0,,3087.0,1715.0,1555.0
177.5,2015-07-26,11280.0,,2785.0,1715.0,1259.0
180.5,2015-07-27,5960.0,,2440.0,1715.0,936.0
180.5,2015-07-28,6394.0,,2523.0,1715.0,1023.0
178.5,2015-07-29,10549.0,,2870.0,1715.0,1411.0
180.5,2015-07-30,6407.0,,2410.0,1715.0,880.0
179.5,2015-07-31,5019.0,,2351.0,1715.0,789.0
177.5,2015-08-01,14387.0,,3039.0,1715.0,1565.0
178.0,2015-08-02,12948.0,,3065.0,1715.0,1590.0
179.5,2015-08-03,8663.0,,2601.0,1715.0,1092.0
180.0,2015-08-04,7781.0,,2607.0,1715.0,1125.0
180.5,2015-08-05,11111.0,,2845.0,1715.0,1443.0
180.5,2015-08-06,7077.0,,2509.0,1715.0,1013.0
178.0,2015-08-07,15856.0,,3145.0,1715.0,1675.0
179.5,2015-08-08,12565.0,,3049.0,1715.0,1642.0
178.5,2015-08-09,20368.0,,3936.0,1715.0,2660.0
181.0,2015-08-10,11485.0,,3031.0,1715.0,1691.0
179.0,2015-08-11,7194.0,,2487.0,1715.0,1008.0
179.5,2015-08-12,9084.0,,2640.0,1715.0,1206.0
178.5,2015-08-13,19496.0,,3794.0,1715.0,2494.0
180.0,2015-08-14,15054.0,,3308.0,1715.0,2073.0
,2015-08-15,21621.0,,4483.0,1717.0,3477.0
180.7,2015-08-16,8263.0,,2816.0,1718.0,1459.0
181.3,2015-08-17,9494.0,,2711.0,1721.0,1279.0
181.2,2015-08-18,7754.0,,2474.0,1720.0,979.0
179.8,2015-08-19,13342.0,,3016.0,1714.0,1653.0
180.6,2015-08-20,8369.0,,2571.0,1718.0,1108.0
179.7,2015-08-21,6229.0,,2513.0,1714.0,1011.0
,2015-08-22,14216.0,,3401.0,1709.0,2040.0
177.5,2015-08-23,11753.0,,2849.0,1704.0,1345.0
180.1,2015-08-24,11650.0,,2787.0,1715.0,1326.0
180.8,2015-08-25,9052.0,,2689.0,1719.0,1250.0
179.1,2015-08-26,13816.0,,2972.0,1711.0,1483.0
181.3,2015-08-27,8619.0,,2682.0,1721.0,1214.0
180.5,2015-08-28,7631.0,,2503.0,1717.0,999.0
178.7,2015-08-29,12386.0,,3081.0,1709.0,1637.0
179.0,2015-08-30,18985.0,,3850.0,1711.0,2682.0
180.9,2015-08-31,6435.0,,2502.0,1719.0,943.0
182.1,2015-09-01,8369.0,,2605.0,1725.0,1109.0
181.1,2015-09-02,10356.0,,2646.0,1720.0,1134.0
181.7,2015-09-03,5991.0,,2352.0,1723.0,800.0
181.2,2015-09-04,6515.0,,2510.0,1720.0,992.0
,2015-09-05,11597.0,,2957.0,1716.0,1470.0
179.2,2015-09-06,10620.0,,2835.0,1711.0,1311.0
179.8,2015-09-07,10565.0,,2758.0,1714.0,1246.0
182.3,2015-09-08,7908.0,,2760.0,1725.0,1255.0
183.1,2015-09-09,6807.0,,2455.0,1729.0,915.0
183.7,2015-09-10,10035.0,,2714.0,1732.0,1219.0
183.7,2015-09-11,12905.0,,2857.0,1732.0,1400.0
182.2,2015-09-12,19720.0,,3553.0,1725.0,2205.0
182.6,2015-09-13,10518.0,,2767.0,1727.0,1214.0
184.3,2015-09-14,8237.0,,2549.0,1735.0,1011.0
185.5,2015-09-15,10901.0,,2769.0,1740.0,1326.0
183.5,2015-09-16,12452.0,1929.0,2967.0,1738.0,1505.0
185.4,2015-09-17,9778.0,2509.0,2711.0,1739.0,1237.0
183.1,2015-09-18,16295.0,1375.0,3302.0,1729.0,1889.0
180.7,2015-09-19,15560.0,2307.0,3169.0,1718.0,1748.0
181.0,2015-09-20,15370.0,2807.0,3252.0,1720.0,1858.0
182.9,2015-09-21,6968.0,2225.0,2554.0,1728.0,1050.0
180.8,2015-09-22,10589.0,2580.0,2826.0,1719.0,1295.0
180.9,2015-09-23,17142.0,2388.0,3380.0,1719.0,2008.0
182.4,2015-09-24,7602.0,1979.0,2494.0,1726.0,982.0
180.4,2015-09-25,14779.0,2174.0,3102.0,1717.0,1619.0
179.4,2015-09-26,10175.0,2877.0,2844.0,1712.0,1343.0
179.7,2015-09-27,10028.0,1883.0,2786.0,1714.0,1294.0
181.7,2015-09-28,8115.0,1716.0,2555.0,1723.0,1032.0
179.6,2015-09-29,10719.0,2352.0,2750.0,1713.0,1198.0
181.3,2015-09-30,11670.0,2850.0,2985.0,1721.0,1540.0
181.9,2015-10-01,8962.0,2206.0,2511.0,1724.0,984.0
181.7,2015-10-02,8177.0,2584.0,2578.0,1723.0,1098.0
180.8,2015-10-03,14146.0,2812.0,3210.0,1719.0,1793.0
180.0,2015-10-04,10622.0,2725.0,2752.0,1715.0,1248.0
181.3,2015-10-05,10051.0,1791.0,2764.0,1721.0,1302.0
181.7,2015-10-06,8151.0,2531.0,2559.0,1723.0,1054.0
181.8,2015-10-07,12658.0,2289.0,2932.0,1723.0,1507.0
181.5,2015-10-08,7574.0,2060.0,2494.0,1722.0,966.0
,2015-10-09,12376.0,2523.0,2880.0,1720.0,1381.0
180.6,2015-10-10,13605.0,2744.0,3203.0,1718.0,1722.0
180.7,2015-10-11,12912.0,2089.0,3103.0,1718.0,1686.0
180.3,2015-10-12,11661.0,1807.0,2819.0,1716.0,1347.0
180.6,2015-10-13,9502.0,1417.0,2596.0,1718.0,1088.0
179.3,2015-10-14,12351.0,1971.0,2962.0,1712.0,1502.0
180.0,2015-10-15,7479.0,2252.0,2489.0,1715.0,962.0
180.9,2015-10-16,9285.0,1815.0,2608.0,1719.0,1090.0
179.7,2015-10-17,10632.0,2555.0,2808.0,1714.0,1310.0
179.2,2015-10-18,15834.0,1635.0,3365.0,1711.0,2066.0
181.7,2015-10-19,8828.0,1408.0,2627.0,1723.0,1154.0
180.2,2015-10-20,11882.0,1895.0,2914.0,1716.0,1514.0
179.1,2015-10-21,17149.0,1463.0,3377.0,1711.0,2059.0
177.4,2015-10-22,8312.0,2007.0,2530.0,1703.0,1013.0
178.1,2015-10-23,6949.0,1774.0,2407.0,1706.0,930.0
177.8,2015-10-24,11364.0,1888.0,2709.0,1705.0,1181.0
179.1,2015-10-25,11661.0,2173.0,2854.0,1711.0,1392.0
180.5,2015-10-26,5905.0,2389.0,2343.0,1717.0,770.0
180.9,2015-10-27,6432.0,1483.0,2416.0,1719.0,894.0
179.1,2015-10-28,7494.0,1634.0,2505.0,1711.0,1013.0
178.0,2015-10-29,7682.0,1472.0,2498.0,1706.0,980.0
177.2,2015-10-30,8095.0,1518.0,2536.0,1702.0,1044.0
177.5,2015-10-31,2267.0,2067.0,2065.0,1704.0,482.0
177.1,2015-11-01,17723.0,1982.0,3538.0,1702.0,2086.0
177.0,2015-11-02,10599.0,1529.0,2751.0,1701.0,1264.0
177.7,2015-11-03,7890.0,2035.0,2574.0,1705.0,1063.0
177.4,2015-11-04,10530.0,2242.0,2724.0,1703.0,1248.0
176.8,2015-11-05,7209.0,1557.0,2559.0,1700.0,1102.0
176.1,2015-11-06,6793.0,1800.0,2378.0,1697.0,880.0
174.4,2015-11-07,11597.0,2382.0,2822.0,1690.0,1327.0
174.3,2015-11-08,13716.0,1839.0,3201.0,1689.0,1778.0
176.1,2015-11-09,7715.0,1968.0,2639.0,1697.0,1154.0
176.3,2015-11-10,7103.0,1654.0,2444.0,1698.0,932.0
175.9,2015-11-11,7160.0,1912.0,2517.0,1696.0,1030.0
176.7,2015-11-12,7494.0,2023.0,2499.0,1700.0,973.0
177.1,2015-11-13,5917.0,1846.0,2393.0,1702.0,856.0
174.9,2015-11-14,12892.0,2420.0,2977.0,1692.0,1525.0
173.8,2015-11-15,13771.0,1988.0,3078.0,1687.0,1697.0
176.5,2015-11-16,6171.0,2288.0,2516.0,1699.0,1023.0
176.8,2015-11-17,5659.0,1709.0,2434.0,1701.0,908.0
178.4,2015-11-18,4841.0,2810.0,2361.0,1707.0,767.0
,2015-11-19,6937.0,2480.0,2506.0,1708.0,990.0
178.4,2015-11-20,6092.0,1898.0,2364.0,1708.0,852.0
175.8,2015-11-21,7554.0,1987.0,2440.0,1696.0,899.0
174.8,2015-11-22,12382.0,1614.0,3030.0,1691.0,1600.0
175.4,2015-11-23,9209.0,1619.0,2661.0,1694.0,1222.0
175.0,2015-11-24,7794.0,1910.0,2514.0,1692.0,1040.0
175.3,2015-11-25,6970.0,1863.0,2419.0,1694.0,893.0
173.9,2015-11-26,12692.0,2067.0,2804.0,1687.0,1311.0
175.1,2015-11-27,2999.0,1853.0,2161.0,1693.0,624.0
174.1,2015-11-28,12125.0,2121.0,2912.0,1688.0,1481.0
173.8,2015-11-29,10408.0,2037.0,2683.0,1687.0,1217.0
176.0,2015-11-30,7659.0,1525.0,2549.0,1697.0,1099.0
173.3,2015-12-01,14342.0,1220.0,3028.0,1685.0,1610.0
174.1,2015-12-02,9827.0,1997.0,2803.0,1688.0,1360.0
175.0,2015-12-03,5907.0,2160.0,2450.0,1692.0,950.0
174.5,2015-12-04,6530.0,1980.0,2478.0,1690.0,960.0
174.1,2015-12-05,10918.0,1727.0,2812.0,1688.0,1360.0
172.6,2015-12-06,9847.0,2097.0,2724.0,1681.0,1261.0
174.2,2015-12-07,7152.0,2157.0,2500.0,1689.0,1008.0
175.3,2015-12-08,7925.0,1712.0,2521.0,1694.0,1058.0
173.9,2015-12-09,8503.0,1635.0,2490.0,1687.0,1016.0
173.9,2015-12-10,9076.0,1997.0,2644.0,1687.0,1182.0
174.1,2015-12-11,7774.0,2000.0,2515.0,1688.0,1056.0
172.6,2015-12-12,13478.0,2976.0,2998.0,1681.0,1586.0
174.1,2015-12-13,2688.0,2099.0,2049.0,1688.0,486.0
175.5,2015-12-14,6628.0,1758.0,2388.0,1694.0,892.0
174.9,2015-12-15,4873.0,1720.0,2247.0,1692.0,734.0
174.3,2015-12-16,6847.0,1679.0,2659.0,1689.0,1243.0
173.9,2015-12-17,7415.0,1997.0,2528.0,1687.0,1057.0
174.0,2015-12-18,6461.0,1727.0,2381.0,1688.0,865.0
173.9,2015-12-19,9203.0,1893.0,2677.0,1687.0,1232.0
172.3,2015-12-20,8756.0,2214.0,2600.0,1680.0,1066.0
175.1,2015-12-21,9305.0,1828.0,2610.0,1693.0,1131.0
175.0,2015-12-22,8402.0,1678.0,2590.0,1693.0,1162.0
173.8,2015-12-23,7458.0,1520.0,2497.0,1687.0,1030.0
172.2,2015-12-24,6845.0,2964.0,2707.0,1679.0,1237.0
,2015-12-25,6516.0,2159.0,2464.0,1685.0,941.0
,2015-12-26,12755.0,2766.0,2827.0,1686.0,1396.0
,2015-12-27,2551.0,2748.0,2053.0,1687.0,446.0
174.4,2015-12-28,6152.0,1292.0,2368.0,1690.0,868.0
171.9,2015-12-29,7745.0,1847.0,2564.0,1678.0,1071.0
171.7,2015-12-30,5411.0,1953.0,2455.0,1677.0,960.0
172.4,2015-12-31,5607.0,1753.0,2479.0,1680.0,1011.0
172.3,2016-01-01,7714.0,2189.0,2589.0,1680.0,1154.0
172.9,2016-01-02,6486.0,2037.0,2338.0,1683.0,805.0
172.0,2016-01-03,5277.0,2989.0,2347.0,1679.0,791.0
174.6,2016-01-04,7398.0,1343.0,2503.0,1691.0,1031.0
173.8,2016-01-05,6670.0,1411.0,2496.0,1687.0,1012.0
172.4,2016-01-06,7943.0,1853.0,2927.0,1680.0,1464.0
172.4,2016-01-07,7473.0,1720.0,2617.0,1681.0,1133.0
171.4,2016-01-08,8893.0,1437.0,2652.0,1676.0,1195.0
171.0,2016-01-09,5168.0,1704.0,2340.0,1674.0,846.0
171.1,2016-01-10,3168.0,1596.0,2189.0,1675.0,662.0
170.9,2016-01-11,10320.0,1577.0,2977.0,1674.0,1576.0
170.7,2016-01-12,6953.0,1663.0,2447.0,1673.0,990.0
170.4,2016-01-13,8545.0,1707.0,2714.0,1671.0,1309.0
170.3,2016-01-14,9657.0,1575.0,2709.0,1671.0,1263.0
170.8,2016-01-15,4363.0,1764.0,2457.0,1673.0,875.0
170.4,2016-01-16,3802.0,1707.0,2197.0,1671.0,680.0
170.6,2016-01-17,4063.0,1605.0,2261.0,1672.0,762.0
170.2,2016-01-18,6798.0,1655.0,2669.0,1670.0,1236.0
169.7,2016-01-19,7084.0,1499.0,2486.0,1668.0,972.0
169.8,2016-01-20,7663.0,1824.0,2626.0,1669.0,1166.0
169.6,2016-01-21,7112.0,1818.0,2635.0,1668.0,1151.0
170.8,2016-01-22,7493.0,1622.0,2478.0,1673.0,1002.0
168.6,2016-01-23,8104.0,1764.0,2449.0,1663.0,926.0
168.8,2016-01-24,14023.0,1924.0,3030.0,1664.0,1635.0
167.3,2016-01-25,7099.0,1619.0,2420.0,1657.0,923.0
169.8,2016-01-26,7823.0,1818.0,2482.0,1669.0,1009.0
170.0,2016-01-27,5995.0,1638.0,2344.0,1669.0,821.0
169.7,2016-01-28,13003.0,1570.0,2970.0,1668.0,1538.0
168.5,2016-01-29,6685.0,1755.0,2404.0,1663.0,870.0
169.4,2016-01-30,11520.0,1870.0,2789.0,1667.0,1328.0
168.2,2016-01-31,13391.0,2000.0,2910.0,1662.0,1492.0
168.9,2016-02-01,8430.0,1640.0,2571.0,1664.0,1160.0
169.5,2016-02-02,6502.0,1572.0,2313.0,1667.0,815.0
169.1,2016-02-03,9788.0,1915.0,2761.0,1666.0,1364.0
169.2,2016-02-04,7674.0,1832.0,2642.0,1666.0,1179.0
169.9,2016-02-05,8780.0,1886.0,2649.0,1669.0,1225.0
168.7,2016-02-06,12578.0,1987.0,2909.0,1664.0,1492.0
165.9,2016-02-07,10963.0,1838.0,2698.0,1651.0,1238.0
168.4,2016-02-08,6685.0,1606.0,2404.0,1662.0,931.0
168.1,2016-02-09,6243.0,1951.0,2406.0,1661.0,970.0
168.7,2016-02-10,7738.0,2225.0,2554.0,1664.0,1128.0
170.3,2016-02-11,5981.0,1732.0,2254.0,1671.0,705.0
171.0,2016-02-12,6898.0,1896.0,2347.0,1674.0,859.0
171.2,2016-02-13,6776.0,2030.0,2439.0,1675.0,987.0
170.1,2016-02-14,4429.0,2200.0,2243.0,1670.0,777.0
169.6,2016-02-15,9013.0,2105.0,2736.0,1668.0,1328.0
169.3,2016-02-16,7025.0,1740.0,2481.0,1666.0,1026.0
168.7,2016-02-17,8504.0,1571.0,2486.0,1664.0,1031.0
168.2,2016-02-18,8202.0,2069.0,2632.0,1662.0,1213.0
167.4,2016-02-19,18621.0,1740.0,3309.0,1658.0,1971.0
168.9,2016-02-20,17460.0,2867.0,3296.0,1665.0,1986.0
168.1,2016-02-21,14874.0,1967.0,3017.0,1661.0,1646.0
170.5,2016-02-22,8103.0,2217.0,2576.0,1672.0,1134.0
170.7,2016-02-23,8968.0,2078.0,2586.0,1673.0,1179.0
170.5,2016-02-24,3728.0,2146.0,2134.0,1672.0,579.0
169.4,2016-02-25,8084.0,2027.0,2453.0,1667.0,1023.0
168.3,2016-02-26,10150.0,2469.0,2915.0,1662.0,1496.0
170.8,2016-02-27,14899.0,2269.0,3197.0,1673.0,1811.0
168.5,2016-02-28,13361.0,1543.0,2996.0,1663.0,1645.0
170.2,2016-02-29,9254.0,1600.0,2626.0,1671.0,1211.0
169.6,2016-03-01,5501.0,1720.0,2299.0,1668.0,781.0
170.3,2016-03-02,7098.0,2265.0,2485.0,1671.0,1010.0
169.7,2016-03-03,8571.0,1600.0,2615.0,1668.0,1169.0
169.3,2016-03-04,9489.0,2420.0,2698.0,1667.0,1262.0
170.3,2016-03-05,19673.0,2014.0,3465.0,1671.0,2183.0
169.2,2016-03-06,14994.0,2358.0,3132.0,1666.0,1742.0
169.9,2016-03-07,7566.0,2600.0,2555.0,1669.0,1021.0
168.8,2016-03-08,13336.0,1747.0,2938.0,1664.0,1453.0
169.3,2016-03-09,6510.0,2062.0,2310.0,1667.0,764.0
170.0,2016-03-10,5899.0,1638.0,2292.0,1670.0,738.0
169.6,2016-03-11,7338.0,1704.0,2486.0,1668.0,997.0
167.8,2016-03-12,14835.0,2230.0,3101.0,1660.0,1710.0
169.7,2016-03-13,10953.0,1910.0,2762.0,1668.0,1398.0
169.6,2016-03-14,10461.0,1373.0,2704.0,1668.0,1241.0
168.3,2016-03-15,13263.0,1909.0,2985.0,1662.0,1524.0
167.1,2016-03-16,7572.0,1570.0,2534.0,1657.0,1039.0
,2016-03-17,9760.0,1850.0,2650.0,1657.0,1138.0
167.2,2016-03-18,7621.0,1724.0,2556.0,1657.0,1000.0
167.4,2016-03-19,10055.0,2368.0,2748.0,1658.0,1364.0
167.5,2016-03-20,15074.0,2280.0,3132.0,1658.0,1804.0
168.8,2016-03-21,9084.0,1836.0,2593.0,1664.0,1094.0
167.9,2016-03-22,15065.0,1958.0,3222.0,1660.0,1815.0
168.5,2016-03-23,11724.0,1978.0,2815.0,1663.0,1392.0
168.3,2016-03-24,7851.0,1884.0,2496.0,1662.0,1024.0
167.8,2016-03-25,11611.0,2847.0,2764.0,1660.0,1328.0
167.0,2016-03-26,17873.0,2207.0,3468.0,1656.0,2056.0
166.2,2016-03-27,14928.0,2500.0,3158.0,1652.0,1789.0
168.1,2016-03-28,14757.0,2590.0,3106.0,1661.0,1724.0
168.3,2016-03-29,14827.0,2158.0,2914.0,1662.0,1504.0
167.6,2016-03-30,7739.0,1710.0,2454.0,1659.0,993.0
166.8,2016-03-31,13508.0,1853.0,2849.0,1655.0,1419.0
167.4,2016-04-01,11929.0,2593.0,3017.0,1658.0,1573.0
167.0,2016-04-02,15341.0,1933.0,3104.0,1656.0,1737.0
167.5,2016-04-03,18992.0,2359.0,3333.0,1658.0,2086.0
167.9,2016-04-04,17600.0,2004.0,3277.0,1660.0,1979.0
167.9,2016-04-05,14972.0,2334.0,3064.0,1660.0,1626.0
168.8,2016-04-06,10662.0,2331.0,2879.0,1664.0,1465.0
168.0,2016-04-07,15857.0,2106.0,3315.0,1660.0,1908.0
167.7,2016-04-08,14909.0,2237.0,3131.0,1659.0,1707.0
167.6,2016-04-09,17741.0,2258.0,3299.0,1659.0,1966.0
167.0,2016-04-10,15533.0,2035.0,3090.0,1656.0,1775.0
167.4,2016-04-11,16146.0,2011.0,3112.0,1658.0,1673.0
167.1,2016-04-12,15835.0,2290.0,3217.0,1656.0,1821.0
168.1,2016-04-13,17986.0,2056.0,3558.0,1661.0,2192.0
167.1,2016-04-14,14919.0,2365.0,3193.0,1656.0,1745.0
168.1,2016-04-15,14066.0,2035.0,3043.0,1661.0,1594.0
166.1,2016-04-16,23459.0,2489.0,3853.0,1652.0,2550.0
167.0,2016-04-17,19690.0,2067.0,3483.0,1656.0,2101.0
167.3,2016-04-18,15124.0,1756.0,3162.0,1657.0,1754.0
166.4,2016-04-19,18858.0,1670.0,3517.0,1653.0,2119.0
166.0,2016-04-20,11820.0,2374.0,2711.0,1651.0,1281.0
167.3,2016-04-21,14050.0,1675.0,2868.0,1657.0,1485.0
165.8,2016-04-22,23396.0,1870.0,3924.0,1650.0,2629.0
167.0,2016-04-23,28028.0,1895.0,4067.0,1656.0,2880.0
,2016-04-24,10941.0,2130.0,2829.0,1664.0,1282.0
,2016-04-25,11484.0,2128.0,2754.0,1666.0,1299.0
,2016-04-26,7624.0,2528.0,2542.0,1668.0,1055.0
,2016-04-27,17755.0,2141.0,3482.0,1672.0,2073.0
167.7,2016-04-28,23259.0,2552.0,3768.0,1659.0,2422.0
169.0,2016-04-29,13961.0,2277.0,3038.0,1665.0,1605.0
166.8,2016-04-30,21389.0,2661.0,3688.0,1655.0,2318.0
168.8,2016-05-01,16760.0,2819.0,3254.0,1664.0,1827.0
171.0,2016-05-02,15079.0,1985.0,3080.0,1674.0,1697.0
169.5,2016-05-03,19882.0,2719.0,3499.0,1668.0,2202.0
169.0,2016-05-04,18651.0,2100.0,3204.0,1665.0,1804.0
167.3,2016-05-05,23893.0,2509.0,3775.0,1658.0,2440.0
168.2,2016-05-06,15969.0,2409.0,3247.0,1661.0,1871.0
168.2,2016-05-07,22925.0,2567.0,3625.0,1662.0,2342.0
168.7,2016-05-08,23753.0,2712.0,3667.0,1664.0,2451.0
170.3,2016-05-09,14733.0,2130.0,2934.0,1671.0,1510.0
169.0,2016-05-10,16982.0,2952.0,3261.0,1665.0,1811.0
169.6,2016-05-11,15563.0,2834.0,3144.0,1668.0,1853.0
169.4,2016-05-12,20828.0,2452.0,3494.0,1667.0,2150.0
168.3,2016-05-13,23538.0,2810.0,3787.0,1662.0,2461.0
168.3,2016-05-14,22222.0,2637.0,3609.0,1662.0,2333.0
168.9,2016-05-15,20642.0,2531.0,3640.0,1665.0,2326.0
169.8,2016-05-16,7381.0,2162.0,2475.0,1669.0,920.0
169.9,2016-05-17,13587.0,2182.0,2907.0,1669.0,1491.0
170.2,2016-05-18,21557.0,2387.0,3506.0,1670.0,2242.0
168.0,2016-05-19,14240.0,2232.0,3025.0,1661.0,1598.0
169.5,2016-05-20,16242.0,1662.0,3314.0,1667.0,1952.0
167.6,2016-05-21,26102.0,2577.0,4020.0,1659.0,2822.0
167.5,2016-05-22,20556.0,2277.0,3417.0,1658.0,2134.0
169.1,2016-05-23,16895.0,1732.0,3294.0,1666.0,1957.0
167.9,2016-05-24,17591.0,2013.0,3551.0,1660.0,2216.0
168.4,2016-05-25,19838.0,2161.0,3504.0,1662.0,2195.0
166.8,2016-05-26,16647.0,1841.0,3022.0,1655.0,1661.0
168.1,2016-05-27,14639.0,2514.0,2903.0,1661.0,1533.0
168.3,2016-05-28,22677.0,2746.0,3614.0,1662.0,2333.0
168.3,2016-05-29,22124.0,2393.0,3658.0,1662.0,2332.0
168.8,2016-05-30,18951.0,2208.0,3296.0,1664.0,1975.0
170.2,2016-05-31,16029.0,1813.0,3263.0,1671.0,1885.0
167.9,2016-06-01,17511.0,1890.0,3317.0,1660.0,1990.0
165.9,2016-06-02,21394.0,2172.0,3855.0,1651.0,2540.0
166.9,2016-06-03,14707.0,2304.0,2955.0,1656.0,1570.0
166.1,2016-06-04,24280.0,2161.0,3904.0,1652.0,2691.0
166.3,2016-06-05,22888.0,2155.0,3848.0,1653.0,2619.0
167.7,2016-06-06,19338.0,1892.0,3449.0,1659.0,2097.0
167.0,2016-06-07,17839.0,1994.0,3131.0,1656.0,1747.0
166.6,2016-06-08,17935.0,1789.0,3193.0,1654.0,1835.0
166.0,2016-06-09,15081.0,2077.0,3085.0,1652.0,1675.0
165.5,2016-06-10,22474.0,2368.0,3596.0,1649.0,2300.0
165.7,2016-06-11,16244.0,2829.0,3401.0,1650.0,1952.0
166.8,2016-06-12,18644.0,1817.0,3375.0,1655.0,1937.0
167.6,2016-06-13,9306.0,1934.0,2677.0,1659.0,1229.0
166.8,2016-06-14,15632.0,1947.0,3138.0,1655.0,1764.0
166.7,2016-06-15,12421.0,1770.0,2811.0,1654.0,1398.0
165.3,2016-06-16,17106.0,2478.0,3589.0,1648.0,2228.0
164.7,2016-06-17,21623.0,2557.0,3624.0,1646.0,2224.0
163.8,2016-06-18,17975.0,2079.0,3302.0,1641.0,1944.0
164.2,2016-06-19,18644.0,1980.0,3432.0,1643.0,2051.0
166.1,2016-06-20,13007.0,1852.0,3123.0,1652.0,1718.0
164.9,2016-06-21,22314.0,2317.0,3561.0,1642.0,2188.0
166.3,2016-06-22,12442.0,2292.0,2925.0,1648.0,1505.0
166.4,2016-06-23,16647.0,1690.0,3084.0,1648.0,1707.0
164.3,2016-06-24,25004.0,2919.0,4012.0,1639.0,2649.0
163.6,2016-06-25,23189.0,2205.0,3765.0,1636.0,2467.0
163.8,2016-06-26,18939.0,2245.0,3511.0,1636.0,2178.0
166.4,2016-06-27,16382.0,1755.0,3127.0,1649.0,1746.0
164.4,2016-06-28,25158.0,2193.0,3835.0,1640.0,2533.0
166.1,2016-06-29,21757.0,1751.0,3481.0,1647.0,2165.0
163.4,2016-06-30,25672.0,2229.0,3988.0,1635.0,2763.0
166.2,2016-07-01,13727.0,2755.0,2961.0,1647.0,1511.0
,2016-07-02,8588.0,2667.0,2577.0,1651.0,1159.0
,2016-07-03,20161.0,3442.0,3441.0,1652.0,2209.0
,2016-07-04,18628.0,2686.0,3170.0,1652.0,1747.0
167.6,2016-07-05,20510.0,2048.0,3529.0,1654.0,2248.0
166.4,2016-07-06,14448.0,2048.0,2846.0,1648.0,1468.0
164.9,2016-07-07,22704.0,2183.0,3774.0,1641.0,2450.0
166.6,2016-07-08,16653.0,2990.0,3147.0,1649.0,1779.0
167.2,2016-07-09,18148.0,2263.0,3157.0,1652.0,1748.0
165.8,2016-07-10,16607.0,2184.0,3054.0,1646.0,1575.0
167.8,2016-07-11,15140.0,2240.0,2853.0,1655.0,1445.0
165.0,2016-07-12,23416.0,2540.0,3587.0,1642.0,2225.0
166.9,2016-07-13,11279.0,2286.0,2602.0,1651.0,1127.0
167.5,2016-07-14,14459.0,2741.0,2939.0,1653.0,1544.0
166.2,2016-07-15,21109.0,2190.0,3400.0,1647.0,2070.0
165.3,2016-07-16,16463.0,3098.0,3284.0,1643.0,1856.0
166.0,2016-07-17,18364.0,2138.0,3283.0,1647.0,1918.0
166.8,2016-07-18,14788.0,2040.0,2867.0,1650.0,1435.0
165.9,2016-07-19,14877.0,1713.0,3045.0,1646.0,1595.0
167.1,2016-07-20,15123.0,2138.0,3075.0,1652.0,1690.0
166.8,2016-07-21,7458.0,2087.0,2400.0,1650.0,920.0
166.9,2016-07-22,15637.0,2107.0,2938.0,1651.0,1586.0
165.3,2016-07-23,18175.0,2353.0,3173.0,1644.0,1753.0
163.9,2016-07-24,10952.0,2378.0,2869.0,1637.0,1397.0
166.3,2016-07-25,13952.0,2406.0,2989.0,1648.0,1615.0
167.4,2016-07-26,14750.0,3076.0,3297.0,1653.0,1721.0
,2016-07-27,24741.0,2345.0,3809.0,1650.0,2539.0
,2016-07-28,22061.0,2343.0,3449.0,1649.0,2138.0
,2016-07-29,23677.0,2909.0,3560.0,1649.0,2139.0
,2016-07-30,18589.0,2213.0,3199.0,1648.0,1827.0
,2016-07-31,8129.0,1587.0,2526.0,1648.0,1115.0
166.2,2016-08-01,15593.0,2095.0,3008.0,1647.0,1625.0
165.9,2016-08-02,13810.0,2376.0,2717.0,1646.0,1285.0
167.1,2016-08-03,12778.0,2015.0,2775.0,1652.0,1347.0
166.4,2016-08-04,10825.0,1760.0,2629.0,1649.0,1186.0
167.3,2016-08-05,11321.0,2410.0,2650.0,1652.0,1160.0
164.5,2016-08-06,20583.0,3240.0,3409.0,1640.0,2066.0
165.4,2016-08-07,14488.0,1964.0,3001.0,1644.0,1558.0
167.1,2016-08-08,15166.0,1944.0,2975.0,1651.0,1556.0
164.7,2016-08-09,21916.0,2151.0,3379.0,1641.0,1969.0
166.7,2016-08-10,14378.0,2350.0,2995.0,1650.0,1645.0
165.6,2016-08-11,13805.0,2541.0,2931.0,1645.0,1550.0
163.9,2016-08-12,19733.0,2380.0,3363.0,1637.0,1981.0
164.2,2016-08-13,18484.0,2971.0,3238.0,1638.0,1872.0
166.8,2016-08-14,11718.0,2208.0,2780.0,1650.0,1385.0
166.1,2016-08-15,13714.0,2577.0,2897.0,1647.0,1533.0
164.6,2016-08-16,20421.0,2364.0,3417.0,1640.0,2034.0
165.7,2016-08-17,8232.0,2618.0,2813.0,1645.0,1213.0
,2016-08-18,15514.0,2268.0,2952.0,1645.0,1534.0
,2016-08-19,14668.0,2791.0,2947.0,1645.0,1565.0
,2016-08-20,8667.0,2595.0,2475.0,1645.0,978.0
,2016-08-21,15481.0,1986.0,2893.0,1645.0,1524.0
165.7,2016-08-22,21726.0,1955.0,3542.0,1645.0,2180.0
166.3,2016-08-23,13370.0,1690.0,2953.0,1648.0,1565.0
165.3,2016-08-24,14683.0,1818.0,2990.0,1644.0,1605.0
162.4,2016-08-25,14002.0,2649.0,3097.0,1630.0,1606.0
165.9,2016-08-26,15606.0,2601.0,3062.0,1646.0,1634.0
165.4,2016-08-27,15743.0,2310.0,3036.0,1644.0,1582.0
166.0,2016-08-28,16075.0,2107.0,3054.0,1647.0,1629.0
166.8,2016-08-29,15686.0,2078.0,3095.0,1650.0,1716.0
166.9,2016-08-30,16052.0,1703.0,3024.0,1650.0,1672.0
165.4,2016-08-31,14738.0,2050.0,3072.0,1644.0,1680.0
162.9,2016-09-01,19319.0,1552.0,3288.0,1632.0,1863.0
163.3,2016-09-02,17870.0,2351.0,3388.0,1634.0,2065.0
162.6,2016-09-03,16693.0,2593.0,3206.0,1631.0,1728.0
163.4,2016-09-04,17843.0,2148.0,3228.0,1635.0,1746.0
163.1,2016-09-05,16981.0,1665.0,3148.0,1633.0,1691.0
164.4,2016-09-06,16827.0,1434.0,3146.0,1639.0,1721.0
163.7,2016-09-07,16902.0,1672.0,3336.0,1636.0,1984.0
163.9,2016-09-08,14392.0,2030.0,3139.0,1637.0,1737.0
163.3,2016-09-09,13348.0,1622.0,3115.0,1634.0,1733.0
161.7,2016-09-10,21116.0,2544.0,3760.0,1627.0,2433.0
161.8,2016-09-11,17668.0,1894.0,3325.0,1627.0,1947.0
163.4,2016-09-12,14652.0,1571.0,3026.0,1635.0,1655.0
162.7,2016-09-13,14443.0,1825.0,3106.0,1632.0,1725.0
162.4,2016-09-14,17095.0,1514.0,3206.0,1630.0,1882.0
160.5,2016-09-15,15592.0,2080.0,3221.0,1621.0,1784.0
165.3,2016-09-16,6938.0,2417.0,2421.0,1643.0,939.0
166.6,2016-09-17,8183.0,2941.0,2702.0,1650.0,1247.0
165.9,2016-09-18,19546.0,2061.0,3313.0,1646.0,1949.0
165.2,2016-09-19,13245.0,1680.0,2666.0,1643.0,1250.0
161.1,2016-09-20,20898.0,2084.0,3364.0,1624.0,1992.0
161.8,2016-09-21,14414.0,2957.0,2940.0,1628.0,1539.0
160.9,2016-09-22,18469.0,2006.0,3220.0,1624.0,1786.0
162.6,2016-09-23,14223.0,1787.0,2805.0,1631.0,1409.0
161.2,2016-09-24,17773.0,3510.0,3134.0,1625.0,1736.0
161.9,2016-09-25,18287.0,2815.0,3124.0,1628.0,1736.0
165.2,2016-09-26,17817.0,1861.0,3134.0,1643.0,1792.0
162.2,2016-09-27,22064.0,2001.0,3369.0,1629.0,2034.0
162.9,2016-09-28,16235.0,2357.0,2915.0,1633.0,1525.0
161.7,2016-09-29,12948.0,1607.0,2771.0,1627.0,1307.0
161.5,2016-09-30,14060.0,2546.0,2880.0,1626.0,1442.0
160.2,2016-10-01,18401.0,2770.0,3219.0,1621.0,1802.0
161.7,2016-10-02,19333.0,2659.0,3172.0,1627.0,1815.0
164.7,2016-10-03,14265.0,2425.0,2800.0,1641.0,1429.0
163.4,2016-10-04,14501.0,2188.0,2841.0,1635.0,1437.0
163.4,2016-10-05,17862.0,2447.0,3073.0,1635.0,1712.0
162.5,2016-10-06,13899.0,1925.0,2677.0,1631.0,1262.0
162.2,2016-10-07,15090.0,2385.0,2897.0,1630.0,1548.0
161.1,2016-10-08,16033.0,2516.0,2944.0,1625.0,1530.0
161.9,2016-10-09,17110.0,2380.0,3201.0,1628.0,1785.0
162.9,2016-10-10,14404.0,1925.0,2905.0,1633.0,1468.0
162.1,2016-10-11,14127.0,1903.0,2876.0,1629.0,1439.0
162.7,2016-10-12,12099.0,2409.0,2794.0,1632.0,1376.0
,2016-10-13,14270.0,2487.0,2775.0,1631.0,1361.0
162.5,2016-10-14,13422.0,2180.0,2695.0,1631.0,1255.0
161.1,2016-10-15,15224.0,2184.0,2912.0,1624.0,1483.0
159.6,2016-10-16,17704.0,2123.0,3315.0,1618.0,1951.0
161.4,2016-10-17,13952.0,2163.0,2809.0,1626.0,1366.0
162.3,2016-10-18,11605.0,1788.0,2757.0,1630.0,1345.0
163.6,2016-10-19,27122.0,2480.0,3927.0,1636.0,2613.0
,2016-10-20,28946.0,2863.0,3813.0,1636.0,2544.0
,2016-10-21,14701.0,2086.0,3049.0,1636.0,1670.0
,2016-10-22,12429.0,2071.0,2720.0,1636.0,1343.0
,2016-10-23,12682.0,2223.0,2817.0,1636.0,1322.0
163.6,2016-10-24,14398.0,1911.0,2809.0,1635.0,1402.0
163.0,2016-10-25,6812.0,1744.0,2271.0,1633.0,757.0
161.5,2016-10-26,12068.0,2475.0,2754.0,1626.0,1310.0
161.2,2016-10-27,13089.0,1905.0,2663.0,1625.0,1254.0
161.7,2016-10-28,14523.0,2181.0,2815.0,1627.0,1413.0
160.2,2016-10-29,19903.0,2389.0,3370.0,1620.0,1973.0
160.1,2016-10-30,16695.0,2123.0,2955.0,1620.0,1530.0
161.9,2016-10-31,14298.0,3205.0,2938.0,1628.0,1553.0
162.8,2016-11-01,14629.0,2179.0,2897.0,1632.0,1486.0
162.1,2016-11-02,8228.0,2492.0,2475.0,1629.0,1027.0
162.1,2016-11-03,12205.0,1927.0,2651.0,1629.0,1218.0
162.0,2016-11-04,7488.0,2125.0,2413.0,1629.0,912.0
160.2,2016-11-05,16729.0,2734.0,3281.0,1620.0,1887.0
163.0,2016-11-06,16040.0,2080.0,3083.0,1633.0,1563.0
162.6,2016-11-07,12592.0,2694.0,2769.0,1631.0,1269.0
164.6,2016-11-08,11812.0,2341.0,2695.0,1640.0,1234.0
162.6,2016-11-09,9174.0,2308.0,2522.0,1631.0,1000.0
163.7,2016-11-10,12405.0,2203.0,2728.0,1636.0,1271.0
163.3,2016-11-11,10364.0,2505.0,2758.0,1634.0,1310.0
163.1,2016-11-12,17508.0,2220.0,3155.0,1633.0,1715.0
164.8,2016-11-13,18378.0,3056.0,3328.0,1641.0,1962.0
165.1,2016-11-14,11594.0,2498.0,2732.0,1643.0,1273.0
164.0,2016-11-15,7733.0,2238.0,2417.0,1637.0,965.0
162.9,2016-11-16,10696.0,2717.0,2767.0,1633.0,1313.0
164.9,2016-11-17,14376.0,2244.0,2881.0,1642.0,1443.0
162.6,2016-11-18,21030.0,2581.0,3386.0,1631.0,1984.0
163.8,2016-11-19,10558.0,2847.0,2592.0,1637.0,1058.0
163.4,2016-11-20,14393.0,3673.0,2867.0,1635.0,1356.0
165.3,2016-11-21,4415.0,2221.0,2209.0,1643.0,666.0
163.6,2016-11-22,14035.0,2462.0,2949.0,1635.0,1492.0
164.3,2016-11-23,9555.0,2612.0,2744.0,1639.0,1283.0
165.3,2016-11-24,10124.0,4151.0,2553.0,1643.0,1055.0
168.2,2016-11-25,14972.0,2373.0,3004.0,1657.0,1567.0
167.2,2016-11-26,10813.0,2812.0,2539.0,1652.0,1025.0
165.3,2016-11-27,10636.0,2420.0,2652.0,1643.0,1198.0
165.9,2016-11-28,4419.0,2005.0,2240.0,1646.0,670.0
165.2,2016-11-29,8123.0,2407.0,2544.0,1643.0,1038.0
165.6,2016-11-30,15580.0,2344.0,3062.0,1645.0,1604.0
166.6,2016-12-01,6353.0,1671.0,2319.0,1649.0,787.0
165.9,2016-12-02,7460.0,1887.0,2418.0,1646.0,895.0
163.8,2016-12-03,10247.0,2886.0,2595.0,1637.0,1062.0
164.9,2016-12-04,2869.0,2819.0,2146.0,1641.0,557.0
165.5,2016-12-05,8488.0,2187.0,2677.0,1644.0,1158.0
164.2,2016-12-06,7072.0,1462.0,2457.0,1639.0,885.0
164.2,2016-12-07,8822.0,2128.0,2791.0,1638.0,1253.0
164.6,2016-12-08,4650.0,1977.0,2307.0,1640.0,762.0
163.9,2016-12-09,6183.0,2554.0,2427.0,1637.0,883.0
164.6,2016-12-10,4731.0,2438.0,2207.0,1640.0,660.0
164.6,2016-12-11,11563.0,2003.0,2905.0,1640.0,1478.0
165.1,2016-12-12,6811.0,2190.0,2480.0,1643.0,921.0
163.9,2016-12-13,8191.0,2215.0,2504.0,1637.0,966.0
164.0,2016-12-14,5178.0,1935.0,2303.0,1637.0,794.0
163.4,2016-12-15,6396.0,2463.0,2523.0,1635.0,974.0
164.9,2016-12-16,5760.0,2186.0,2467.0,1641.0,963.0
163.4,2016-12-17,9790.0,2977.0,2738.0,1635.0,1220.0
166.2,2016-12-18,3336.0,2325.0,2208.0,1647.0,647.0
165.5,2016-12-19,5302.0,2136.0,2411.0,1644.0,895.0
163.7,2016-12-20,6165.0,2025.0,2373.0,1636.0,827.0
163.6,2016-12-21,7602.0,1975.0,2624.0,1636.0,1102.0
164.5,2016-12-22,14233.0,2237.0,2900.0,1640.0,1347.0
164.4,2016-12-23,3007.0,2814.0,2162.0,1640.0,610.0
166.8,2016-12-24,7734.0,2645.0,2560.0,1650.0,1001.0
165.9,2016-12-25,9799.0,2453.0,2575.0,1646.0,1053.0
164.5,2016-12-26,11411.0,2711.0,,,
165.2,2016-12-27,6723.0,2110.0,,,
165.7,2016-12-28,14555.0,2521.0,,,
166.1,2016-12-29,8706.0,2292.0,,,
166.5,2016-12-30,13688.0,2240.0,,,
164.8,2016-12-31,11309.0,2182.0,,,
163.5,2017-01-01,11253.0,2409.0,,,
165.1,2017-01-02,2241.0,2537.0,,,
164.5,2017-01-03,6674.0,1765.0,,,
164.7,2017-01-04,7049.0,2195.0,,,
165.0,2017-01-05,3526.0,1653.0,,,
164.4,2017-01-06,5715.0,1959.0,,,
163.9,2017-01-07,4555.0,2201.0,,,
164.6,2017-01-08,3914.0,2495.0,,,
165.4,2017-01-09,4046.0,1878.0,,,
164.9,2017-01-10,9642.0,1569.0,,,
164.0,2017-01-11,15539.0,3116.0,,,
165.3,2017-01-12,6418.0,1830.0,,,
165.2,2017-01-13,2213.0,2730.0,,,
164.9,2017-01-14,7409.0,2442.0,,,
166.3,2017-01-15,3771.0,3022.0,,,
165.9,2017-01-16,6797.0,1642.0,,,
164.2,2017-01-17,7998.0,2072.0,,,
164.0,2017-01-18,8995.0,2343.0,,,
165.9,2017-01-19,8041.0,3042.0,,,
166.3,2017-01-20,7407.0,1973.0,,,
167.0,2017-01-21,23238.0,2537.0,,,
167.1,2017-01-22,13749.0,1950.0,,,
165.0,2017-01-23,20528.0,2823.0,,,
,2017-01-24,10541.0,2676.0,,,
167.5,2017-01-25,12136.0,2748.0,,,
166.5,2017-01-26,7486.0,2330.0,,,
165.3,2017-01-27,9521.0,2452.0,,,
164.8,2017-01-28,11080.0,3066.0,,,
165.8,2017-01-29,7529.0,2585.0,,,
165.8,2017-01-30,12385.0,2228.0,,,
165.2,2017-01-31,13177.0,2708.0,,,
167.1,2017-02-01,12375.0,2272.0,,,
166.0,2017-02-02,8152.0,2132.0,,,
166.6,2017-02-03,9594.0,2870.0,,,
166.5,2017-02-04,7233.0,3501.0,,,
167.5,2017-02-05,13728.0,2911.0,,,
168.1,2017-02-06,7193.0,2035.0,,,
167.3,2017-02-07,11331.0,2363.0,,,
167.0,2017-02-08,9299.0,2693.0,,,
166.9,2017-02-09,12274.0,2114.0,,,
167.6,2017-02-10,13860.0,2107.0,,,
165.6,2017-02-11,12675.0,2383.0,,,
167.7,2017-02-12,18508.0,2405.0,,,
167.8,2017-02-13,7911.0,2337.0,,,
168.4,2017-02-14,9483.0,981.0,,,
167.5,2017-02-15,10168.0,2577.0,,,
168.3,2017-02-16,16510.0,2210.0,,,
167.4,2017-02-17,13001.0,2465.0,,,
167.7,2017-02-18,13699.0,3120.0,,,
169.7,2017-02-19,16369.0,2171.0,,,
168.6,2017-02-20,8635.0,2034.0,,,
168.0,2017-02-21,10967.0,2043.0,,,
168.5,2017-02-22,14191.0,1822.0,,,
168.5,2017-02-23,12446.0,2409.0,,,
167.8,2017-02-24,8918.0,3109.0,,,
169.2,2017-02-25,7860.0,3476.0,,,
169.8,2017-02-26,7010.0,3010.0,,,
170.4,2017-02-27,17255.0,2448.0,,,
169.5,2017-02-28,6709.0,3213.0,,,
171.9,2017-03-01,13115.0,2303.0,,,
170.1,2017-03-02,13624.0,1717.0,,,
169.3,2017-03-03,12228.0,2362.0,,,
170.2,2017-03-04,24119.0,2712.0,,,
168.3,2017-03-05,9370.0,2253.0,,,
170.8,2017-03-06,11808.0,2410.0,,,
171.5,2017-03-07,12315.0,2076.0,,,
170.0,2017-03-08,8980.0,2123.0,,,
169.4,2017-03-09,7616.0,2443.0,,,
169.1,2017-03-10,7043.0,2540.0,,,
169.8,2017-03-11,14031.0,2822.0,,,
170.5,2017-03-12,10670.0,1646.0,,,
170.2,2017-03-13,6224.0,1756.0,,,
168.6,2017-03-14,11236.0,1892.0,,,
168.0,2017-03-15,5057.0,1971.0,,,
168.3,2017-03-16,14029.0,1672.0,,,
168.8,2017-03-17,6193.0,1912.0,,,
166.4,2017-03-18,14416.0,2674.0,,,
167.4,2017-03-19,6369.0,1887.0,,,
166.5,2017-03-20,6472.0,1892.0,,,
166.1,2017-03-21,11032.0,2178.0,,,
166.7,2017-03-22,16043.0,2056.0,,,
165.3,2017-03-23,7261.0,2266.0,,,
165.6,2017-03-24,14167.0,1934.0,,,
164.5,2017-03-25,14311.0,2037.0,,,
167.1,2017-03-26,5824.0,1898.0,,,
